sf,bw_khz,pa_dbm,pkt_idx,ts_ms,rssi_dbm,snr_db,crc_ok,bit_err,pkt_len,pcrc16
7,125,10,0,8705,-32.0,16.0,1,0,64,24601
7,125,10,1,8837,-32.0,15.0,1,0,64,14761
7,125,10,2,8968,-32.0,15.0,1,0,64,10692
7,125,10,3,9099,-32.0,15.0,1,0,64,28788
7,125,10,4,9230,-32.0,15.0,1,0,64,62371
7,125,10,5,9362,-32.0,15.0,1,0,64,43539
7,125,10,6,9493,-32.0,16.0,1,0,64,47742
7,125,10,7,9624,-32.0,15.0,1,0,64,58318
7,125,10,8,9755,-32.0,15.0,1,0,64,22348
7,125,10,9,9886,-32.0,15.0,1,0,64,3836
7,125,10,10,10018,-32.0,16.0,1,0,64,7825
7,125,10,11,10149,-32.0,15.0,1,0,64,18209
7,125,10,12,10280,-32.0,16.0,1,0,64,50422
7,125,10,13,10411,-32.0,15.0,1,0,64,40262
7,125,10,14,10543,-32.0,16.0,1,0,64,36139
7,125,10,15,10674,-32.0,15.0,1,0,64,54427
7,125,10,16,10805,-32.0,15.0,1,0,64,3763
7,125,10,17,10936,-32.0,15.0,1,0,64,22275
7,125,10,18,11067,-32.0,15.0,1,0,64,18286
7,125,10,19,11199,-32.0,15.0,1,0,64,7902
7,125,10,20,11330,-32.0,15.0,1,0,64,40201
7,125,10,21,11461,-32.0,15.0,1,0,64,50361
7,125,10,22,11592,-32.0,15.0,1,0,64,54484
7,125,10,23,11724,-32.0,16.0,1,0,64,36196
7,125,10,24,11855,-32.0,15.0,1,0,64,14822
7,125,10,25,11986,-32.0,15.0,1,0,64,24662
7,125,10,26,12117,-32.0,15.0,1,0,64,28731
7,125,10,27,12248,-32.0,15.0,1,0,64,10635
7,125,10,28,12380,-32.0,16.0,1,0,64,43612
8,125,10,0,3312,-32.0,17.0,1,0,64,24601
8,125,10,1,3541,-32.0,17.0,1,0,64,14761
8,125,10,2,3770,-32.0,17.0,1,0,64,10692
8,125,10,3,3998,-32.0,17.0,1,0,64,28788
8,125,10,4,4227,-32.0,16.0,1,0,64,62371
8,125,10,5,4456,-32.0,17.0,1,0,64,43539
8,125,10,6,4685,-32.0,17.0,1,0,64,47742
8,125,10,7,4914,-32.0,17.0,1,0,64,58318
8,125,10,8,5142,-32.0,17.0,1,0,64,22348
8,125,10,9,5371,-32.0,17.0,1,0,64,3836
8,125,10,10,5600,-32.0,17.0,1,0,64,7825
8,125,10,11,5829,-32.0,16.0,1,0,64,18209
8,125,10,12,6057,-32.0,17.0,1,0,64,50422
8,125,10,13,6286,-32.0,17.0,1,0,64,40262
8,125,10,14,6515,-32.0,17.0,1,0,64,36139
8,125,10,15,6744,-32.0,17.0,1,0,64,54427
8,125,10,16,6972,-32.0,17.0,1,0,64,3763
8,125,10,17,7201,-32.0,17.0,1,0,64,22275
8,125,10,18,7430,-32.0,17.0,1,0,64,18286
8,125,10,19,7659,-32.0,17.0,1,0,64,7902
8,125,10,20,7887,-32.0,17.0,1,0,64,40201
8,125,10,21,8116,-32.0,17.0,1,0,64,50361
8,125,10,22,8345,-32.0,17.0,1,0,64,54484
8,125,10,23,8574,-32.0,17.0,1,0,64,36196
8,125,10,24,8802,-32.0,17.0,1,0,64,14822
8,125,10,25,9031,-32.0,17.0,1,0,64,24662
8,125,10,26,9260,-32.0,17.0,1,0,64,28731
8,125,10,27,9489,-32.0,17.0,1,0,64,10635
8,125,10,28,9718,-32.0,17.0,1,0,64,43612
8,125,10,29,9946,-32.0,17.0,1,0,64,62444
8,125,10,30,10175,-32.0,17.0,1,0,64,58241
8,125,10,31,10404,-32.0,17.0,1,0,64,47665
8,125,10,32,10633,-32.0,17.0,1,0,64,48461
8,125,10,33,10861,-32.0,17.0,1,0,64,58621
8,125,10,34,11090,-32.0,17.0,1,0,64,62608
8,125,10,35,11319,-32.0,17.0,1,0,64,44320
8,125,10,36,11548,-32.0,17.0,1,0,64,12023
8,125,10,37,11776,-32.0,17.0,1,0,64,30535
8,125,10,38,12005,-32.0,17.0,1,0,64,26410
8,125,10,39,12234,-32.0,17.0,1,0,64,16026
8,125,10,40,12463,-32.0,17.0,1,0,64,35352
8,125,10,41,12691,-32.0,17.0,1,0,64,54184
8,125,10,42,12920,-32.0,17.0,1,0,64,50117
8,125,10,43,13149,-32.0,17.0,1,0,64,39541
8,125,10,44,13378,-32.0,17.0,1,0,64,6562
8,125,10,45,13606,-32.0,17.0,1,0,64,16402
8,125,10,46,13835,-32.0,17.0,1,0,64,20607
8,125,10,47,14064,-32.0,17.0,1,0,64,2511
8,125,10,48,14293,-32.0,17.0,1,0,64,54247
8,125,10,49,14522,-32.0,17.0,1,0,64,35415
9,125,10,0,3500,-32.0,12.0,1,0,64,24601
9,125,10,1,3904,-32.0,12.0,1,0,64,14761
9,125,10,2,4307,-32.0,12.0,1,0,64,10692
9,125,10,3,4711,-32.0,12.0,1,0,64,28788
9,125,10,4,5114,-32.0,12.0,1,0,64,62371
9,125,10,5,5517,-32.0,12.0,1,0,64,43539
9,125,10,6,5921,-32.0,12.0,1,0,64,47742
9,125,10,7,6324,-32.0,12.0,1,0,64,58318
9,125,10,8,6727,-32.0,13.0,1,0,64,22348
9,125,10,9,7131,-32.0,12.0,1,0,64,3836
9,125,10,10,7534,-32.0,12.0,1,0,64,7825
9,125,10,11,7937,-32.0,12.0,1,0,64,18209
9,125,10,12,8341,-32.0,13.0,1,0,64,50422
9,125,10,13,8744,-32.0,12.0,1,0,64,40262
9,125,10,14,9147,-32.0,12.0,1,0,64,36139
9,125,10,15,9551,-32.0,12.0,1,0,64,54427
9,125,10,16,9954,-32.0,12.0,1,0,64,3763
9,125,10,17,10357,-32.0,12.0,1,0,64,22275
9,125,10,18,10761,-32.0,12.0,1,0,64,18286
9,125,10,19,11164,-32.0,12.0,1,0,64,7902
9,125,10,20,11567,-32.0,12.0,1,0,64,40201
9,125,10,21,11971,-32.0,12.0,1,0,64,50361
9,125,10,22,12374,-32.0,12.0,1,0,64,54484
9,125,10,23,12777,-32.0,12.0,1,0,64,36196
9,125,10,24,13181,-32.0,12.0,1,0,64,14822
9,125,10,25,13584,-32.0,12.0,1,0,64,24662
9,125,10,26,13988,-32.0,12.0,1,0,64,28731
9,125,10,27,14391,-32.0,12.0,1,0,64,10635
9,125,10,28,14794,-32.0,12.0,1,0,64,43612
9,125,10,29,15198,-32.0,12.0,1,0,64,62444
9,125,10,30,15601,-32.0,12.0,1,0,64,58241
9,125,10,31,16004,-32.0,12.0,1,0,64,47665
9,125,10,32,16408,-32.0,12.0,1,0,64,48461
9,125,10,33,16811,-32.0,13.0,1,0,64,58621
9,125,10,34,17214,-32.0,12.0,1,0,64,62608
9,125,10,35,17618,-32.0,12.0,1,0,64,44320
9,125,10,36,18021,-32.0,12.0,1,0,64,12023
9,125,10,37,18424,-32.0,12.0,1,0,64,30535
9,125,10,38,18828,-32.0,12.0,1,0,64,26410
9,125,10,39,19231,-32.0,12.0,1,0,64,16026
9,125,10,40,19634,-32.0,12.0,1,0,64,35352
9,125,10,41,20038,-32.0,12.0,1,0,64,54184
9,125,10,42,20441,-32.0,12.0,1,0,64,50117
9,125,10,43,20844,-32.0,12.0,1,0,64,39541
9,125,10,44,21248,-32.0,12.0,1,0,64,6562
9,125,10,45,21651,-32.0,12.0,1,0,64,16402
9,125,10,46,22054,-32.0,12.0,1,0,64,20607
9,125,10,47,22458,-32.0,12.0,1,0,64,2511
9,125,10,48,22861,-32.0,12.0,1,0,64,54247
9,125,10,49,23265,-32.0,12.0,1,0,64,35415
11,125,10,0,4426,-32.0,10.0,1,0,64,24601
11,125,10,1,5754,-32.0,12.0,1,0,64,14761
11,125,10,2,7082,-32.0,12.0,1,0,64,10692
11,125,10,3,8410,-32.0,12.0,1,0,64,28788
11,125,10,4,9738,-32.0,12.0,1,0,64,62371
11,125,10,5,11066,-32.0,12.0,1,0,64,43539
11,125,10,6,12394,-32.0,12.0,1,0,64,47742
11,125,10,7,13722,-32.0,12.0,1,0,64,58318
11,125,10,8,15050,-32.0,12.0,1,0,64,22348
11,125,10,9,16378,-32.0,12.0,1,0,64,3836
11,125,10,10,17706,-32.0,13.0,1,0,64,7825
11,125,10,11,19035,-32.0,12.0,1,0,64,18209
11,125,10,12,20354,-32.0,12.0,1,0,64,50422
11,125,10,13,21682,-32.0,12.0,1,0,64,40262
11,125,10,14,23010,-32.0,12.0,1,0,64,36139
11,125,10,15,24338,-32.0,12.0,1,0,64,54427
11,125,10,16,25666,-32.0,12.0,1,0,64,3763
11,125,10,17,26994,-32.0,12.0,1,0,64,22275
11,125,10,18,28322,-32.0,12.0,1,0,64,18286
11,125,10,19,29650,-32.0,12.0,1,0,64,7902
11,125,10,20,30978,-32.0,12.0,1,0,64,40201
11,125,10,21,32306,-32.0,12.0,1,0,64,50361
11,125,10,22,33635,-32.0,12.0,1,0,64,54484
11,125,10,23,34963,-32.0,12.0,1,0,64,36196
11,125,10,24,36291,-32.0,12.0,1,0,64,14822
11,125,10,25,37619,-32.0,12.0,1,0,64,24662
11,125,10,26,38947,-32.0,12.0,1,0,64,28731
11,125,10,27,40275,-32.0,12.0,1,0,64,10635
11,125,10,28,41603,-32.0,12.0,1,0,64,43612
11,125,10,29,42931,-32.0,12.0,1,0,64,62444
11,125,10,30,44259,-32.0,12.0,1,0,64,58241
11,125,10,31,45587,-32.0,12.0,1,0,64,47665
11,125,10,32,46915,-32.0,12.0,1,0,64,48461
11,125,10,33,48243,-32.0,12.0,1,0,64,58621
11,125,10,34,49571,-32.0,13.0,1,0,64,62608
11,125,10,35,50899,-32.0,12.0,1,0,64,44320
7,250,10,0,3168,-32.0,16.0,1,0,64,24601
7,250,10,1,3240,-32.0,15.0,1,0,64,14761
7,250,10,2,3312,-32.0,15.0,1,0,64,10692
7,250,10,3,3385,-32.0,15.0,1,0,64,28788
7,250,10,4,3457,-32.0,15.0,1,0,64,62371
7,250,10,5,3529,-32.0,15.0,1,0,64,43539
7,250,10,6,3601,-32.0,15.0,1,0,64,47742
7,250,10,7,3673,-32.0,15.0,1,0,64,58318
7,250,10,8,3746,-32.0,16.0,1,0,64,22348
7,250,10,9,3818,-32.0,15.0,1,0,64,3836
7,250,10,10,3890,-32.0,15.0,1,0,64,7825
7,250,10,11,3962,-32.0,15.0,1,0,64,18209
7,250,10,12,4034,-32.0,15.0,1,0,64,50422
7,250,10,13,4107,-32.0,15.0,1,0,64,40262
7,250,10,14,4179,-32.0,16.0,1,0,64,36139
7,250,10,15,4251,-32.0,15.0,1,0,64,54427
7,250,10,16,4323,-32.0,15.0,1,0,64,3763
7,250,10,17,4396,-32.0,15.0,1,0,64,22275
7,250,10,18,4468,-32.0,15.0,1,0,64,18286
7,250,10,19,4540,-32.0,15.0,1,0,64,7902
7,250,10,20,4612,-32.0,15.0,1,0,64,40201
7,250,10,21,4684,-32.0,15.0,1,0,64,50361
7,250,10,22,4757,-32.0,15.0,1,0,64,54484
7,250,10,23,4829,-32.0,15.0,1,0,64,36196
7,250,10,24,4901,-32.0,15.0,1,0,64,14822
7,250,10,25,4973,-32.0,15.0,1,0,64,24662
7,250,10,26,5045,-32.0,15.0,1,0,64,28731
7,250,10,27,5118,-32.0,15.0,1,0,64,10635
7,250,10,28,5190,-32.0,15.0,1,0,64,43612
7,250,10,29,5262,-32.0,16.0,1,0,64,62444
7,250,10,30,5334,-32.0,15.0,1,0,64,58241
7,250,10,31,5407,-32.0,15.0,1,0,64,47665
7,250,10,32,5479,-32.0,15.0,1,0,64,48461
7,250,10,33,5551,-32.0,15.0,1,0,64,58621
7,250,10,34,5623,-32.0,15.0,1,0,64,62608
7,250,10,35,5695,-32.0,15.0,1,0,64,44320
7,250,10,36,5768,-32.0,15.0,1,0,64,12023
7,250,10,37,5840,-32.0,16.0,1,0,64,30535
7,250,10,38,5912,-32.0,15.0,1,0,64,26410
7,250,10,39,5984,-32.0,15.0,1,0,64,16026
7,250,10,40,6056,-32.0,15.0,1,0,64,35352
7,250,10,41,6129,-32.0,15.0,1,0,64,54184
7,250,10,42,6201,-32.0,15.0,1,0,64,50117
7,250,10,43,6273,-32.0,16.0,1,0,64,39541
7,250,10,44,6345,-32.0,15.0,1,0,64,6562
7,250,10,45,6418,-32.0,15.0,1,0,64,16402
7,250,10,46,6490,-32.0,16.0,1,0,64,20607
7,250,10,47,6562,-32.0,15.0,1,0,64,2511
7,250,10,48,6634,-32.0,15.0,1,0,64,54247
7,250,10,49,6706,-32.0,15.0,1,0,64,35415
8,250,10,0,3231,-32.0,16.0,1,0,64,24601
8,250,10,1,3352,-32.0,17.0,1,0,64,14761
8,250,10,2,3473,-32.0,17.0,1,0,64,10692
8,250,10,3,3594,-32.0,17.0,1,0,64,28788
8,250,10,4,3715,-32.0,16.0,1,0,64,62371
8,250,10,5,3836,-32.0,17.0,1,0,64,43539
8,250,10,6,3957,-32.0,17.0,1,0,64,47742
8,250,10,7,4078,-32.0,17.0,1,0,64,58318
8,250,10,8,4199,-32.0,17.0,1,0,64,22348
8,250,10,9,4320,-32.0,17.0,1,0,64,3836
8,250,10,10,4441,-32.0,17.0,1,0,64,7825
8,250,10,11,4562,-32.0,17.0,1,0,64,18209
8,250,10,12,4683,-32.0,17.0,1,0,64,50422
8,250,10,13,4804,-32.0,17.0,1,0,64,40262
8,250,10,14,4925,-32.0,17.0,1,0,64,36139
8,250,10,15,5046,-32.0,17.0,1,0,64,54427
8,250,10,16,5167,-32.0,17.0,1,0,64,3763
8,250,10,17,5288,-32.0,17.0,1,0,64,22275
8,250,10,18,5409,-32.0,17.0,1,0,64,18286
8,250,10,19,5530,-32.0,17.0,1,0,64,7902
8,250,10,20,5651,-32.0,17.0,1,0,64,40201
8,250,10,21,5772,-32.0,17.0,1,0,64,50361
8,250,10,22,5893,-32.0,16.0,1,0,64,54484
8,250,10,23,6014,-32.0,17.0,1,0,64,36196
8,250,10,24,6135,-32.0,17.0,1,0,64,14822
8,250,10,25,6256,-32.0,17.0,1,0,64,24662
8,250,10,26,6377,-32.0,17.0,1,0,64,28731
8,250,10,27,6498,-32.0,17.0,1,0,64,10635
8,250,10,28,6619,-32.0,17.0,1,0,64,43612
8,250,10,29,6740,-32.0,17.0,1,0,64,62444
8,250,10,30,6861,-32.0,17.0,1,0,64,58241
8,250,10,31,6982,-32.0,17.0,1,0,64,47665
8,250,10,32,7103,-32.0,17.0,1,0,64,48461
8,250,10,33,7224,-32.0,17.0,1,0,64,58621
8,250,10,34,7345,-32.0,17.0,1,0,64,62608
8,250,10,35,7466,-32.0,17.0,1,0,64,44320
8,250,10,36,7587,-32.0,17.0,1,0,64,12023
8,250,10,37,7708,-32.0,17.0,1,0,64,30535
8,250,10,38,7829,-32.0,17.0,1,0,64,26410
8,250,10,39,7950,-32.0,17.0,1,0,64,16026
8,250,10,40,8071,-32.0,17.0,1,0,64,35352
8,250,10,41,8192,-32.0,17.0,1,0,64,54184
8,250,10,42,8313,-32.0,17.0,1,0,64,50117
8,250,10,43,8434,-32.0,17.0,1,0,64,39541
8,250,10,44,8555,-32.0,17.0,1,0,64,6562
8,250,10,45,8676,-32.0,17.0,1,0,64,16402
8,250,10,46,8797,-32.0,17.0,1,0,64,20607
8,250,10,47,8918,-32.0,17.0,1,0,64,2511
8,250,10,48,9039,-32.0,17.0,1,0,64,54247
8,250,10,49,9159,-32.0,17.0,1,0,64,35415
7,500,10,0,3141,-31.0,15.0,1,0,64,24601
7,500,10,1,3184,-31.0,14.0,1,0,64,14761
7,500,10,2,3227,-31.0,14.0,1,0,64,10692
7,500,10,3,3269,-31.0,14.0,1,0,64,28788
7,500,10,4,3312,-31.0,14.0,1,0,64,62371
7,500,10,5,3355,-31.0,15.0,1,0,64,43539
7,500,10,6,3398,-31.0,15.0,1,0,64,47742
7,500,10,7,3440,-31.0,15.0,1,0,64,58318
7,500,10,8,3483,-31.0,15.0,1,0,64,22348
7,500,10,9,3526,-31.0,14.0,1,0,64,3836
7,500,10,10,3568,-31.0,15.0,1,0,64,7825
7,500,10,11,3611,-31.0,15.0,1,0,64,18209
7,500,10,12,3654,-31.0,15.0,1,0,64,50422
7,500,10,13,3697,-31.0,15.0,1,0,64,40262
7,500,10,14,3739,-31.0,15.0,1,0,64,36139
7,500,10,15,3782,-31.0,15.0,1,0,64,54427
7,500,10,16,3825,-31.0,15.0,1,0,64,3763
7,500,10,17,3867,-31.0,14.0,1,0,64,22275
7,500,10,18,3910,-31.0,15.0,1,0,64,18286
7,500,10,19,3953,-31.0,15.0,1,0,64,7902
7,500,10,20,3996,-31.0,15.0,1,0,64,40201
7,500,10,21,4038,-31.0,14.0,1,0,64,50361
7,500,10,22,4081,-31.0,15.0,1,0,64,54484
7,500,10,23,4124,-31.0,15.0,1,0,64,36196
7,500,10,24,4166,-31.0,14.0,1,0,64,14822
7,500,10,25,4209,-31.0,15.0,1,0,64,24662
7,500,10,26,4252,-31.0,14.0,1,0,64,28731
7,500,10,27,4295,-31.0,15.0,1,0,64,10635
7,500,10,28,4337,-31.0,15.0,1,0,64,43612
7,500,10,29,4380,-31.0,15.0,1,0,64,62444
7,500,10,30,4423,-31.0,14.0,1,0,64,58241
7,500,10,31,4465,-31.0,15.0,1,0,64,47665
7,500,10,32,4508,-31.0,15.0,1,0,64,48461
7,500,10,33,4551,-31.0,15.0,1,0,64,58621
7,500,10,34,4593,-31.0,14.0,1,0,64,62608
7,500,10,35,4636,-31.0,14.0,1,0,64,44320
7,500,10,36,4679,-31.0,15.0,1,0,64,12023
7,500,10,37,4722,-31.0,15.0,1,0,64,30535
7,500,10,38,4764,-31.0,15.0,1,0,64,26410
7,500,10,39,4807,-31.0,14.0,1,0,64,16026
7,500,10,40,4850,-31.0,15.0,1,0,64,35352
7,500,10,41,4892,-31.0,15.0,1,0,64,54184
7,500,10,42,4935,-31.0,14.0,1,0,64,50117
7,500,10,43,4978,-31.0,16.0,1,0,64,39541
7,500,10,44,5021,-31.0,14.0,1,0,64,6562
7,500,10,45,5063,-31.0,15.0,1,0,64,16402
7,500,10,46,5106,-31.0,15.0,1,0,64,20607
7,500,10,47,5149,-31.0,14.0,1,0,64,2511
7,500,10,48,5191,-31.0,15.0,1,0,64,54247
7,500,10,49,5234,-31.0,15.0,1,0,64,35415
8,500,10,0,3172,-31.0,17.0,1,0,64,24601
8,500,10,1,3239,-31.0,17.0,1,0,64,14761
8,500,10,2,3306,-31.0,17.0,1,0,64,10692
8,500,10,3,3373,-31.0,17.0,1,0,64,28788
8,500,10,4,3440,-31.0,17.0,1,0,64,62371
8,500,10,5,3507,-31.0,17.0,1,0,64,43539
8,500,10,6,3574,-31.0,17.0,1,0,64,47742
8,500,10,7,3642,-31.0,17.0,1,0,64,58318
8,500,10,8,3709,-31.0,17.0,1,0,64,22348
8,500,10,9,3776,-31.0,17.0,1,0,64,3836
8,500,10,10,3843,-31.0,17.0,1,0,64,7825
8,500,10,11,3910,-31.0,17.0,1,0,64,18209
8,500,10,12,3977,-31.0,17.0,1,0,64,50422
8,500,10,13,4044,-31.0,17.0,1,0,64,40262
8,500,10,14,4111,-31.0,17.0,1,0,64,36139
8,500,10,15,4178,-31.0,17.0,1,0,64,54427
8,500,10,16,4245,-31.0,17.0,1,0,64,3763
8,500,10,17,4313,-31.0,17.0,1,0,64,22275
8,500,10,18,4380,-31.0,17.0,1,0,64,18286
8,500,10,19,4447,-31.0,17.0,1,0,64,7902
8,500,10,20,4514,-31.0,17.0,1,0,64,40201
8,500,10,21,4581,-31.0,17.0,1,0,64,50361
8,500,10,22,4648,-31.0,17.0,1,0,64,54484
8,500,10,23,4715,-31.0,17.0,1,0,64,36196
8,500,10,24,4782,-31.0,17.0,1,0,64,14822
8,500,10,25,4849,-31.0,17.0,1,0,64,24662
8,500,10,26,4916,-31.0,17.0,1,0,64,28731
8,500,10,27,4984,-31.0,17.0,1,0,64,10635
8,500,10,28,5051,-31.0,17.0,1,0,64,43612
8,500,10,29,5118,-31.0,17.0,1,0,64,62444
8,500,10,30,5185,-31.0,17.0,1,0,64,58241
8,500,10,31,5252,-31.0,17.0,1,0,64,47665
8,500,10,32,5319,-31.0,17.0,1,0,64,48461
8,500,10,33,5386,-31.0,17.0,1,0,64,58621
8,500,10,34,5453,-31.0,17.0,1,0,64,62608
8,500,10,35,5520,-31.0,17.0,1,0,64,44320
8,500,10,36,5588,-31.0,17.0,1,0,64,12023
8,500,10,37,5655,-31.0,17.0,1,0,64,30535
8,500,10,38,5722,-31.0,17.0,1,0,64,26410
8,500,10,39,5789,-31.0,17.0,1,0,64,16026
8,500,10,40,5856,-31.0,17.0,1,0,64,35352
8,500,10,41,5923,-31.0,17.0,1,0,64,54184
8,500,10,42,5990,-31.0,17.0,1,0,64,50117
8,500,10,43,6057,-31.0,17.0,1,0,64,39541
8,500,10,44,6124,-31.0,17.0,1,0,64,6562
8,500,10,45,6191,-31.0,17.0,1,0,64,16402
8,500,10,46,6259,-31.0,17.0,1,0,64,20607
8,500,10,47,6326,-31.0,16.0,1,0,64,2511
8,500,10,48,6393,-31.0,17.0,1,0,64,54247
8,500,10,49,6460,-31.0,17.0,1,0,64,35415
7,125,0,0,3201,-41.0,15.0,1,0,64,24601
7,125,0,1,3332,-41.0,15.0,1,0,64,14761
7,125,0,2,3463,-41.0,15.0,1,0,64,10692
7,125,0,3,3594,-41.0,14.0,1,0,64,28788
7,125,0,4,3726,-41.0,14.0,1,0,64,62371
7,125,0,5,3857,-41.0,15.0,1,0,64,43539
7,125,0,6,3988,-41.0,15.0,1,0,64,47742
7,125,0,7,4119,-41.0,15.0,1,0,64,58318
7,125,0,8,4251,-41.0,15.0,1,0,64,22348
7,125,0,9,4382,-41.0,15.0,1,0,64,3836
7,125,0,10,4513,-41.0,15.0,1,0,64,7825
7,125,0,11,4644,-41.0,15.0,1,0,64,18209
7,125,0,12,4775,-41.0,15.0,1,0,64,50422
7,125,0,13,4907,-41.0,15.0,1,0,64,40262
7,125,0,14,5038,-41.0,15.0,1,0,64,36139
7,125,0,15,5169,-41.0,15.0,1,0,64,54427
7,125,0,16,5300,-41.0,15.0,1,0,64,3763
7,125,0,17,5432,-41.0,15.0,1,0,64,22275
7,125,0,18,5563,-41.0,15.0,1,0,64,18286
7,125,0,19,5694,-41.0,15.0,1,0,64,7902
7,125,0,20,5825,-41.0,15.0,1,0,64,40201
7,125,0,21,5956,-41.0,14.0,1,0,64,50361
7,125,0,22,6088,-41.0,15.0,1,0,64,54484
7,125,0,23,6219,-41.0,15.0,1,0,64,36196
7,125,0,24,6350,-41.0,15.0,1,0,64,14822
7,125,0,25,6481,-41.0,15.0,1,0,64,24662
7,125,0,26,6613,-41.0,14.0,1,0,64,28731
7,125,0,27,6744,-41.0,15.0,1,0,64,10635
7,125,0,28,6875,-41.0,15.0,1,0,64,43612
7,125,0,29,7006,-41.0,15.0,1,0,64,62444
7,125,0,30,7137,-41.0,15.0,1,0,64,58241
7,125,0,31,7269,-41.0,15.0,1,0,64,47665
7,125,0,32,7400,-41.0,15.0,1,0,64,48461
7,125,0,33,7531,-41.0,15.0,1,0,64,58621
7,125,0,34,7662,-41.0,15.0,1,0,64,62608
7,125,0,35,7793,-41.0,15.0,1,0,64,44320
7,125,0,36,7925,-41.0,15.0,1,0,64,12023
7,125,0,37,8056,-41.0,15.0,1,0,64,30535
7,125,0,38,8187,-41.0,15.0,1,0,64,26410
7,125,0,39,8318,-41.0,15.0,1,0,64,16026
7,125,0,40,8450,-41.0,15.0,1,0,64,35352
7,125,0,41,8581,-41.0,15.0,1,0,64,54184
7,125,0,42,8712,-41.0,14.0,1,0,64,50117
7,125,0,43,8843,-41.0,16.0,1,0,64,39541
7,125,0,44,8974,-41.0,15.0,1,0,64,6562
7,125,0,45,9106,-41.0,15.0,1,0,64,16402
7,125,0,46,9237,-41.0,15.0,1,0,64,20607
7,125,0,47,9368,-41.0,15.0,1,0,64,2511
7,125,0,48,9499,-41.0,15.0,1,0,64,54247
7,125,0,49,9631,-41.0,15.0,1,0,64,35415
8,125,0,0,3333,-41.0,16.0,1,0,64,24601
8,125,0,1,3561,-41.0,16.0,1,0,64,14761
8,125,0,2,3790,-41.0,16.0,1,0,64,10692
8,125,0,3,4019,-41.0,16.0,1,0,64,28788
8,125,0,4,4248,-41.0,16.0,1,0,64,62371
8,125,0,5,4476,-41.0,16.0,1,0,64,43539
8,125,0,6,4705,-41.0,16.0,1,0,64,47742
8,125,0,7,4934,-41.0,16.0,1,0,64,58318
8,125,0,8,5154,-41.0,16.0,1,0,64,22348
8,125,0,9,5383,-41.0,16.0,1,0,64,3836
8,125,0,10,5612,-41.0,16.0,1,0,64,7825
8,125,0,11,5841,-41.0,16.0,1,0,64,18209
8,125,0,12,6069,-41.0,16.0,1,0,64,50422
8,125,0,13,6298,-41.0,16.0,1,0,64,40262
8,125,0,14,6527,-41.0,16.0,1,0,64,36139
8,125,0,15,6756,-41.0,16.0,1,0,64,54427
8,125,0,16,6985,-41.0,16.0,1,0,64,3763
8,125,0,17,7213,-41.0,16.0,1,0,64,22275
8,125,0,18,7442,-41.0,16.0,1,0,64,18286
8,125,0,19,7671,-41.0,16.0,1,0,64,7902
8,125,0,20,7900,-41.0,16.0,1,0,64,40201
8,125,0,21,8128,-41.0,16.0,1,0,64,50361
8,125,0,22,8357,-41.0,16.0,1,0,64,54484
8,125,0,23,8586,-41.0,16.0,1,0,64,36196
8,125,0,24,8815,-41.0,16.0,1,0,64,14822
8,125,0,25,9043,-41.0,16.0,1,0,64,24662
8,125,0,26,9272,-41.0,16.0,1,0,64,28731
8,125,0,27,9501,-41.0,16.0,1,0,64,10635
8,125,0,28,9730,-41.0,16.0,1,0,64,43612
8,125,0,29,9958,-41.0,16.0,1,0,64,62444
8,125,0,30,10187,-41.0,16.0,1,0,64,58241
8,125,0,31,10416,-41.0,16.0,1,0,64,47665
8,125,0,32,10645,-41.0,16.0,1,0,64,48461
8,125,0,33,10873,-41.0,16.0,1,0,64,58621
8,125,0,34,11102,-41.0,16.0,1,0,64,62608
8,125,0,35,11331,-41.0,16.0,1,0,64,44320
8,125,0,36,11560,-41.0,16.0,1,0,64,12023
8,125,0,37,11788,-41.0,16.0,1,0,64,30535
8,125,0,38,12017,-41.0,16.0,1,0,64,26410
8,125,0,39,12246,-41.0,16.0,1,0,64,16026
8,125,0,40,12475,-41.0,16.0,1,0,64,35352
8,125,0,41,12703,-41.0,16.0,1,0,64,54184
8,125,0,42,12932,-41.0,16.0,1,0,64,50117
8,125,0,43,13161,-41.0,16.0,1,0,64,39541
8,125,0,44,13390,-41.0,16.0,1,0,64,6562
8,125,0,45,13618,-41.0,16.0,1,0,64,16402
8,125,0,46,13847,-41.0,16.0,1,0,64,20607
8,125,0,47,14076,-41.0,16.0,1,0,64,2511
8,125,0,48,14305,-41.0,16.0,1,0,64,54247
8,125,0,49,14533,-41.0,16.0,1,0,64,35415
9,125,0,0,3504,-41.0,14.0,1,0,64,24601
9,125,0,1,3908,-41.0,14.0,1,0,64,14761
9,125,0,2,4311,-41.0,14.0,1,0,64,10692
9,125,0,3,4714,-41.0,14.0,1,0,64,28788
9,125,0,4,5118,-41.0,14.0,1,0,64,62371
9,125,0,5,5521,-41.0,14.0,1,0,64,43539
9,125,0,6,5924,-41.0,14.0,1,0,64,47742
9,125,0,7,6328,-41.0,14.0,1,0,64,58318
9,125,0,8,6731,-41.0,14.0,1,0,64,22348
9,125,0,9,7134,-41.0,14.0,1,0,64,3836
9,125,0,10,7538,-41.0,14.0,1,0,64,7825
9,125,0,11,7941,-41.0,14.0,1,0,64,18209
9,125,0,12,8344,-41.0,14.0,1,0,64,50422
9,125,0,13,8748,-41.0,14.0,1,0,64,40262
9,125,0,14,9151,-41.0,14.0,1,0,64,36139
9,125,0,15,9555,-41.0,14.0,1,0,64,54427
9,125,0,16,9958,-41.0,14.0,1,0,64,3763
9,125,0,17,10361,-41.0,14.0,1,0,64,22275
9,125,0,18,10765,-41.0,14.0,1,0,64,18286
9,125,0,19,11168,-41.0,14.0,1,0,64,7902
9,125,0,20,11571,-41.0,14.0,1,0,64,40201
9,125,0,21,11975,-41.0,14.0,1,0,64,50361
9,125,0,22,12378,-41.0,14.0,1,0,64,54484
9,125,0,23,12781,-41.0,14.0,1,0,64,36196
9,125,0,24,13185,-41.0,14.0,1,0,64,14822
9,125,0,25,13588,-41.0,14.0,1,0,64,24662
9,125,0,26,13991,-41.0,14.0,1,0,64,28731
9,125,0,27,14395,-41.0,14.0,1,0,64,10635
9,125,0,28,14798,-41.0,14.0,1,0,64,43612
9,125,0,29,15201,-41.0,11.0,1,0,64,62444
9,125,0,30,15605,-41.0,14.0,1,0,64,58241
9,125,0,31,16008,-41.0,14.0,1,0,64,47665
9,125,0,32,16411,-41.0,14.0,1,0,64,48461
9,125,0,33,16815,-41.0,14.0,1,0,64,58621
9,125,0,34,17218,-41.0,14.0,1,0,64,62608
9,125,0,35,17621,-41.0,14.0,1,0,64,44320
9,125,0,36,18025,-41.0,14.0,1,0,64,12023
9,125,0,37,18428,-41.0,14.0,1,0,64,30535
9,125,0,38,18832,-41.0,14.0,1,0,64,26410
9,125,0,39,19235,-41.0,14.0,1,0,64,16026
9,125,0,40,19638,-41.0,14.0,1,0,64,35352
9,125,0,41,20042,-41.0,14.0,1,0,64,54184
9,125,0,42,20445,-41.0,14.0,1,0,64,50117
9,125,0,43,20848,-41.0,14.0,1,0,64,39541
9,125,0,44,21252,-41.0,14.0,1,0,64,6562
9,125,0,45,21655,-41.0,14.0,1,0,64,16402
9,125,0,46,22058,-41.0,14.0,1,0,64,20607
9,125,0,47,22462,-41.0,14.0,1,0,64,2511
9,125,0,48,22865,-41.0,14.0,1,0,64,54247
9,125,0,49,23268,-41.0,14.0,1,0,64,35415
