ref,value,mpn,rated_min_c,rated_max_c,source
MNT1,MountingHole,,,, 
MNT2,MountingHole,,,,
MNT3,MountingHole,,,,
MNT4,MountingHole,,,,
ANT1,U.FL,,,,
ANT2,U.FL_GNSS,,,,
R_LED,330R,,,,
R_DIV1,100k,,,,
R_DIV2,100k,,,,
R_PD,10k,,,,
R_SER,0R,,,,
U1,ESP32-C3-WROOM-02,,,,
U2,LoRa2021_Gen4,,,,
U3,MAX-M10S,,,,
U4,TPS7A02,,,,
U5,BMP280,,,,
D1,BAT54,,,,
C1,10uF,,,,
C2,10uF,,,,
C3,100nF,,,,
C4,100nF,,,,
C_CAP,1F_5.5V,,,,
C_SH1,DNP,,,,
C_SH2,DNP,,,,
LED1,LED_RED,,,,
J1,Prog_Header,,,,
J2,Debug_Header,,,,
SOLAR,Solar_In,,,,
