Comment,Designator,Footprint,Layer,Qty
U.FL,ANT1,U.FL_Molex_MCRF_73412-0110_Vertical,top,1
10uF,C1,C_0603_1608Metric,top,1
10uF,C2,C_0603_1608Metric,top,1
100nF,C3,C_0402_1005Metric,top,1
100nF,C4,C_0402_1005Metric,top,1
1F_5.5V,C_CAP,CP_Radial_D10.0mm_P5.00mm,top,1
BAT54,D1,D_SOD-123,top,1
Prog_Header,J1,PinHeader_1x06_P2.54mm_Vertical,top,1
Debug_Header,J2,PinHeader_1x04_P2.54mm_Vertical,top,1
LED_RED,LED1,LED_0603_1608Metric,top,1
100k,R_DIV1,R_0402_1005Metric,top,1
100k,R_DIV2,R_0402_1005Metric,top,1
330R,R_LED,R_0402_1005Metric,top,1
10k,R_PD,R_0402_1005Metric,top,1
Solar_In,SOLAR,PinHeader_1x02_P2.54mm_Vertical,top,1
ESP32-C3-WROOM-02,U1,ESP32-C3-WROOM-02,top,1
LR2021F33,U2,HOPERF_RFM9XW_SMD,top,1
MAX-M10S,U3,ublox_MAX,top,1
TPS7A02,U4,SOT-23-5,top,1
BMP280,U5,Bosch_LGA-8_2.5x2.5mm_P0.65mm_ClockwisePinNumbering,top,1
