time,lat,lon,elevation,accuracy,bearing,speed,satellites,provider,hdop,vdop,pdop,geoidheight,ageofdgpsdata,dgpsid,activity,battery,annotation,timestamp_ms,time_offset,distance,starttimestamp_ms,profile_name,battery_charging
2026-07-24T12:35:54.000Z,32.63899721670896,-16.946303509175777,146.0,30.102041,78.9,0.14999999,21,gps,0.6,0.8,1.0,38.9,,,,77,,1784896554000,2026-07-24T13:35:54.000+01:00,0.0,1784896547575,Default Profile,false
2026-07-24T12:36:48.000Z,32.63898476958275,-16.94633049890399,157.0,33.67347,332.7,1.4599999,17,gps,1.0,1.2,1.6,38.9,,,,77,,1784896608000,2026-07-24T13:36:48.000+01:00,2.8813811005653758,1784896547575,Default Profile,false
2026-07-24T12:39:35.000Z,32.638988248072565,-16.946078035980463,152.0,25.510204,213.0,0.78,13,gps,1.2,1.8,2.2,38.9,,,,77,,1784896775000,2026-07-24T13:39:35.000+01:00,26.524074270074586,1784896547575,Default Profile,false
2026-07-24T12:39:43.000Z,32.63915106654167,-16.946718832477927,123.0,16.32653,267.2,1.63,13,gps,0.8,1.0,1.2,38.9,,,,77,,1784896783000,2026-07-24T13:39:43.000+01:00,89.19732788704707,1784896547575,Default Profile,false
2026-07-24T12:39:51.000Z,32.63905589003116,-16.94662068039179,110.0,13.265306,78.1,1.6899999,15,gps,,,,38.9,,,,77,,1784896791000,2026-07-24T13:39:51.000+01:00,103.21405558148996,1784896547575,Default Profile,false
2026-07-24T12:39:59.000Z,32.63884948566556,-16.946602910757065,113.0,16.836735,92.1,0.78,20,gps,,,,38.9,,,,77,,1784896799000,2026-07-24T13:39:59.000+01:00,126.22540713734166,1784896547575,Default Profile,false
2026-07-24T12:40:15.000Z,32.638724679127336,-16.94659343920648,139.0,30.102041,151.1,1.77,11,gps,1.0,1.4,1.8,38.9,,,,77,,1784896815000,2026-07-24T13:40:15.000+01:00,140.13157045371116,1784896547575,Default Profile,false
2026-07-24T12:40:23.000Z,32.6387309236452,-16.94654105231166,129.0,18.367348,149.7,1.7099999,11,gps,,,,38.9,,,,77,,1784896823000,2026-07-24T13:40:23.000+01:00,145.08576590123732,1784896547575,Default Profile,false
2026-07-24T12:40:30.000Z,32.638827064074576,-16.946524204686284,141.0,23.469387,123.9,1.31,12,gps,0.6,1.0,1.2,38.9,,,,77,,1784896830000,2026-07-24T13:40:30.000+01:00,155.89186377199408,1784896547575,Default Profile,false
2026-07-24T12:40:36.689Z,32.63872363138944,-16.94641599431634,139.0,12.244898,119.9,1.48,0,gps,0.8,2.0,2.2,38.9,,,,77,,1784896836689,2026-07-24T13:40:36.689+01:00,171.21969229137102,1784896547575,Default Profile,false
2026-07-24T12:40:43.371Z,32.638532146811485,-16.946309292688966,123.0,10.714286,110.3,1.36,0,gps,,,,38.9,,,,77,,1784896843371,2026-07-24T13:40:43.371+01:00,194.7393967664202,1784896547575,Default Profile,false
2026-07-24T12:40:51.000Z,32.638375740498304,-16.946267215535045,120.0,20.918367,89.1,1.77,9,gps,,,,38.9,,,,77,,1784896851000,2026-07-24T13:40:51.000+01:00,212.57168539103884,1784896547575,Default Profile,false
2026-07-24T12:40:57.718Z,32.63819263782352,-16.94609111174941,112.0,20.408163,115.9,2.11,0,gps,0.8,1.6,1.8,38.9,,,,77,,1784896857718,2026-07-24T13:40:57.718+01:00,238.77176384038086,1784896547575,Default Profile,false
2026-07-24T12:41:05.000Z,32.63815286569297,-16.946057751774788,119.0,35.204082,91.0,1.5,13,gps,0.8,1.4,1.6,38.9,,,,77,,1784896865000,2026-07-24T13:41:05.000+01:00,244.1861628392133,1784896547575,Default Profile,false
2026-07-24T12:41:13.000Z,32.63777852989733,-16.945786764845252,117.0,14.795918,118.9,0.85999995,15,gps,0.8,1.2,1.4,38.9,,,,77,,1784896873000,2026-07-24T13:41:13.000+01:00,292.93484364258103,1784896547575,Default Profile,false
2026-07-24T12:41:20.000Z,32.63798019848764,-16.94594258442521,118.0,21.938776,63.9,1.53,10,gps,0.6,1.0,1.2,38.9,,,,77,,1784896880000,2026-07-24T13:41:20.000+01:00,319.68816950140996,1784896547575,Default Profile,false
2026-07-24T12:41:28.000Z,32.63805877882987,-16.946029420942068,120.0,27.55102,159.0,0.90999997,9,gps,1.0,1.4,1.6,38.9,,,,77,,1784896888000,2026-07-24T13:41:28.000+01:00,331.6239351912459,1784896547575,Default Profile,false
2026-07-24T12:41:34.837Z,32.63800911605358,-16.945958007127047,117.0,37.2449,97.9,1.22,0,gps,1.0,1.4,1.8,38.9,,,,77,,1784896894837,2026-07-24T13:41:34.837+01:00,340.296335718114,1784896547575,Default Profile,false
2026-07-24T12:41:42.000Z,32.637858744710684,-16.945809731259942,121.0,13.77551,84.4,1.55,13,gps,0.8,1.2,1.4,38.9,,,,77,,1784896902000,2026-07-24T13:41:42.000+01:00,362.0298015903156,1784896547575,Default Profile,false
2026-07-24T12:41:48.719Z,32.63796620070934,-16.945910481736064,120.0,19.387754,102.4,1.11,0,gps,0.6,1.0,1.2,38.9,,,,77,,1784896908719,2026-07-24T13:41:48.719+01:00,377.253714659794,1784896547575,Default Profile,false
2026-07-24T12:41:55.514Z,32.63792948797345,-16.945892879739404,118.0,16.32653,105.2,1.22,0,gps,,,,38.9,,,,77,,1784896915514,2026-07-24T13:41:55.514+01:00,381.6561537411748,1784896547575,Default Profile,false
2026-07-24T12:42:03.000Z,32.63785178773105,-16.945796823129058,121.0,11.22449,144.8,1.28,13,gps,0.8,1.0,1.2,38.9,,,,77,,1784896923000,2026-07-24T13:42:03.000+01:00,394.1280110982126,1784896547575,Default Profile,false
2026-07-24T12:42:09.719Z,32.63779022265226,-16.945759188383818,125.0,23.979591,93.8,0.77,0,gps,0.4,0.8,1.0,38.9,,,,77,,1784896929719,2026-07-24T13:42:09.719+01:00,401.8275251151733,1784896547575,Default Profile,false
2026-07-24T12:42:16.529Z,32.637722664512694,-16.945685846731067,123.0,20.408163,104.9,1.24,0,gps,0.6,1.0,1.2,38.9,,,,77,,1784896936529,2026-07-24T13:42:16.529+01:00,412.005656919258,1784896547575,Default Profile,false
2026-07-24T12:42:23.340Z,32.63768800534308,-16.945734545588493,121.0,23.469387,86.9,1.3399999,0,gps,0.8,1.0,1.4,38.9,,,,77,,1784896943340,2026-07-24T13:42:23.340+01:00,417.97612250048996,1784896547575,Default Profile,false
2026-07-24T12:42:30.173Z,32.63767694123089,-16.945612421259284,124.0,30.102041,115.4,1.14,0,gps,1.0,1.2,1.6,38.9,,,,77,,1784896950173,2026-07-24T13:42:30.173+01:00,429.47746878430854,1784896547575,Default Profile,false
2026-07-24T12:42:38.000Z,32.63767078053206,-16.945560704916716,120.0,14.795918,127.5,0.84999996,10,gps,0.8,1.0,1.2,38.9,,,,77,,1784896958000,2026-07-24T13:42:38.000+01:00,434.36824642567984,1784896547575,Default Profile,false
2026-07-24T12:42:44.830Z,32.63755506835878,-16.945526087656617,126.0,16.836735,175.0,0.65,0,gps,0.6,0.8,1.0,38.9,,,,77,,1784896964830,2026-07-24T13:42:44.830+01:00,447.6368795237589,1784896547575,Default Profile,false
2026-07-24T12:42:52.000Z,32.637429046444595,-16.945476131513715,119.0,21.428572,168.4,1.93,13,gps,0.8,1.0,1.2,38.9,,,,77,,1784896972000,2026-07-24T13:42:52.000+01:00,462.4100132590802,1784896547575,Default Profile,false
2026-07-24T12:42:58.753Z,32.637395141646266,-16.94545777514577,121.0,33.163265,261.5,1.52,0,gps,1.4,1.4,2.0,38.9,,,,77,,1784896978753,2026-07-24T13:42:58.753+01:00,466.55339671880665,1784896547575,Default Profile,false
2026-07-24T12:43:05.578Z,32.63731048442423,-16.9454182125628,121.0,13.265306,115.8,1.4399999,0,gps,1.0,1.2,1.6,38.9,,,,77,,1784896985578,2026-07-24T13:43:05.578+01:00,476.6695567206342,1784896547575,Default Profile,false
2026-07-24T12:43:12.310Z,32.63639547396451,-16.944758724421263,133.0,22.959183,123.5,1.79,0,gps,0.6,1.0,1.2,38.9,,,,77,,1784896992310,2026-07-24T13:43:12.310+01:00,595.6879979046039,1784896547575,Default Profile,false
2026-07-24T12:43:19.136Z,32.63742141891271,-16.945422906428576,120.0,13.77551,135.7,1.28,0,gps,0.6,1.0,1.2,38.9,,,,77,,1784896999136,2026-07-24T13:43:19.136+01:00,725.6192548635482,1784896547575,Default Profile,false
2026-07-24T12:43:26.000Z,32.63737758155912,-16.945398850366473,120.0,19.897959,98.4,1.4699999,12,gps,0.6,0.8,1.0,38.9,,,,77,,1784897006000,2026-07-24T13:43:26.000+01:00,730.9890429463615,1784896547575,Default Profile,false
2026-07-24T12:43:32.702Z,32.63733621686697,-16.94538057781756,120.0,25.510204,114.5,1.6999999,0,gps,0.8,1.0,1.4,38.9,,,,77,,1784897012702,2026-07-24T13:43:32.702+01:00,735.8965169965344,1784896547575,Default Profile,false
2026-07-24T12:43:40.000Z,32.636045487597585,-16.94439562037587,106.0,39.795918,118.0,1.9,11,gps,0.8,1.2,1.4,38.9,,,,77,,1784897020000,2026-07-24T13:43:40.000+01:00,906.4983950408107,1784896547575,Default Profile,false
2026-07-24T12:43:48.000Z,32.63595202937722,-16.944330409169197,120.0,24.489796,175.2,2.4199998,10,gps,0.8,1.0,1.4,38.9,,,,77,,1784897028000,2026-07-24T13:43:48.000+01:00,918.5517013931524,1784896547575,Default Profile,false
2026-07-24T12:43:56.000Z,32.63585823588073,-16.944203842431307,92.0,25.510204,164.2,1.05,17,gps,0.8,0.8,1.2,38.9,,,,77,,1784897036000,2026-07-24T13:43:56.000+01:00,934.3387593541931,1784896547575,Default Profile,false
2026-07-24T12:44:04.000Z,32.63566842768341,-16.944190515205264,114.0,19.387754,91.7,1.6899999,17,gps,,,,38.9,,,,77,,1784897044000,2026-07-24T13:44:04.000+01:00,955.4813303835766,1784896547575,Default Profile,false
2026-07-24T12:44:12.000Z,32.63558670412749,-16.94420887157321,115.0,21.428572,81.3,1.7199999,17,gps,1.2,1.4,1.8,38.9,,,,77,,1784897052000,2026-07-24T13:44:12.000+01:00,964.7297112761123,1784896547575,Default Profile,false
2026-07-24T12:44:20.000Z,32.63546072412282,-16.944016674533486,105.0,33.163265,97.8,1.22,17,gps,,,,38.9,,,,77,,1784897060000,2026-07-24T13:44:20.000+01:00,987.5361223814497,1784896547575,Default Profile,false
2026-07-24T12:44:28.000Z,32.63544048182666,-16.943804444745183,108.0,22.44898,119.3,1.65,13,gps,,,,38.9,,,,77,,1784897068000,2026-07-24T13:44:28.000+01:00,1007.5362411843315,1784896547575,Default Profile,false
2026-07-24T12:44:36.000Z,32.63536785263568,-16.943878792226315,112.0,15.816326,96.9,1.01,12,gps,,,,38.9,,,,77,,1784897076000,2026-07-24T13:44:36.000+01:00,1018.1987520021421,1784896547575,Default Profile,false
2026-07-24T12:44:43.000Z,32.63540188316256,-16.9436152651906,106.0,18.87755,59.6,1.0,11,gps,0.6,0.8,1.2,38.9,,,,77,,1784897083000,2026-07-24T13:44:43.000+01:00,1043.1637144663766,1784896547575,Default Profile,false
2026-07-24T12:44:50.000Z,32.63531131669879,-16.94360101595521,103.0,18.367348,53.5,1.41,10,gps,0.8,1.0,1.2,38.9,,,,77,,1784897090000,2026-07-24T13:44:50.000+01:00,1053.32225430814,1784896547575,Default Profile,false
2026-07-24T12:44:56.717Z,32.63539702165872,-16.94369095377624,116.0,36.734695,48.7,1.81,0,gps,,,,38.9,,,,77,,1784897096717,2026-07-24T13:44:56.717+01:00,1066.0401777554528,1784896547575,Default Profile,false
2026-07-24T12:45:05.000Z,32.635410809889436,-16.94358349777758,117.0,29.081633,117.2,1.76,10,gps,1.0,1.2,1.6,38.9,,,,77,,1784897105000,2026-07-24T13:45:05.000+01:00,1076.2184290697237,1784896547575,Default Profile,false
2026-07-24T12:45:11.730Z,32.635359219275415,-16.94354477338493,120.0,24.489796,69.6,1.4,0,gps,,,,38.9,,,,77,,1784897111730,2026-07-24T13:45:11.730+01:00,1083.0050012264994,1784896547575,Default Profile,false
2026-07-24T12:45:19.000Z,32.63541579712182,-16.943431869149208,115.0,14.795918,73.0,1.03,12,gps,0.8,1.0,1.2,38.9,,,,77,,1784897119000,2026-07-24T13:45:19.000+01:00,1095.3075234545474,1784896547575,Default Profile,false
2026-07-24T12:45:25.849Z,32.635394926182926,-16.94328677840531,105.0,18.87755,111.1,1.29,0,gps,0.6,1.0,1.2,38.9,,,,77,,1784897125849,2026-07-24T13:45:25.849+01:00,1109.090517781628,1784896547575,Default Profile,false
2026-07-24T12:45:32.582Z,32.63536248821765,-16.943284682929516,117.0,12.755102,130.8,0.78,0,gps,0.6,1.0,1.2,38.9,,,,77,,1784897132582,2026-07-24T13:45:32.582+01:00,1112.702788216439,1784896547575,Default Profile,false
2026-07-24T12:45:40.000Z,32.63537967111915,-16.943207066506147,116.0,15.816326,67.2,1.13,12,gps,0.8,1.0,1.2,38.9,,,,77,,1784897140000,2026-07-24T13:45:40.000+01:00,1120.2176932716025,1784896547575,Default Profile,false
2026-07-24T12:45:46.717Z,32.635382981970906,-16.943336483091116,116.0,32.142857,103.8,1.27,0,gps,0.6,1.0,1.2,38.9,,,,77,,1784897146717,2026-07-24T13:45:46.717+01:00,1132.3417779631682,1784896547575,Default Profile,false
2026-07-24T12:45:54.000Z,32.63541449792683,-16.94323455914855,116.0,31.12245,44.8,1.4499999,12,gps,0.8,1.2,1.6,38.9,,,,77,,1784897154000,2026-07-24T13:45:54.000+01:00,1142.5089165843024,1784896547575,Default Profile,false
2026-07-24T12:46:01.000Z,32.635405655018985,-16.943139005452394,113.0,17.34694,47.9,1.56,12,gps,0.8,1.2,1.4,38.9,,,,77,,1784897161000,2026-07-24T13:46:01.000+01:00,1151.5103728826987,1784896547575,Default Profile,false
2026-07-24T12:46:07.813Z,32.63539982959628,-16.94304940290749,113.0,14.795918,89.5,1.04,0,gps,0.8,1.2,1.6,38.9,,,,77,,1784897167813,2026-07-24T13:46:07.813+01:00,1159.9256684161355,1784896547575,Default Profile,false
2026-07-24T12:46:14.652Z,32.635389771312475,-16.943037919700146,115.0,16.836735,56.5,1.0699999,17,gps,0.6,1.0,1.4,38.9,,,,77,,1784897174652,2026-07-24T13:46:14.652+01:00,1161.4771562713217,1784896547575,Default Profile,false
2026-07-24T12:46:22.000Z,32.63540531974286,-16.942980084568262,113.0,19.897959,47.9,2.1399999,11,gps,0.6,1.0,1.2,38.9,,,,77,,1784897182000,2026-07-24T13:46:22.000+01:00,1167.1620795513518,1784896547575,Default Profile,false
2026-07-24T12:46:28.727Z,32.635425394400954,-16.942914370447397,114.0,22.44898,60.9,1.13,0,gps,1.0,1.4,1.8,38.9,,,,77,,1784897188727,2026-07-24T13:46:28.727+01:00,1173.7078733077892,1784896547575,Default Profile,false
2026-07-24T12:46:35.400Z,32.635460682213306,-16.942812781780958,117.0,9.183674,59.3,1.24,0,gps,0.8,1.2,1.4,38.9,,,,77,,1784897195400,2026-07-24T13:46:35.400+01:00,1183.9980539037626,1784896547575,Default Profile,false
2026-07-24T12:46:42.074Z,32.63549492228776,-16.942719155922532,116.0,9.183674,46.7,1.18,0,gps,,,,38.9,,,,77,,1784897202074,2026-07-24T13:46:42.074+01:00,1193.5561433801095,1784896547575,Default Profile,false
2026-07-24T12:46:48.689Z,32.63544618152082,-16.94259879179299,113.0,12.755102,67.5,1.38,0,gps,,,,38.9,,,,77,,1784897208689,2026-07-24T13:46:48.689+01:00,1206.062330798058,1784896547575,Default Profile,false
2026-07-24T12:46:55.330Z,32.63547882903367,-16.942583117634058,116.0,10.204082,64.3,1.39,0,gps,,,,38.9,,,,77,,1784897215330,2026-07-24T13:46:55.330+01:00,1209.9780455542966,1784896547575,Default Profile,false
2026-07-24T12:47:02.031Z,32.6355214510113,-16.942587476223707,119.0,11.22449,79.8,1.55,0,gps,,,,38.9,,,,77,,1784897222031,2026-07-24T13:47:02.031+01:00,1214.7349343258643,1784896547575,Default Profile,false
2026-07-24T12:47:08.715Z,32.63545871246606,-16.94246493279934,114.0,15.306123,80.0,1.25,0,gps,,,,38.9,,,,76,,1784897228715,2026-07-24T13:47:08.715+01:00,1228.164021266632,1784896547575,Default Profile,false
2026-07-24T12:47:15.393Z,32.63545125257224,-16.94239460863173,111.0,11.22449,56.8,1.39,0,gps,,,,38.9,,,,76,,1784897235393,2026-07-24T13:47:15.393+01:00,1234.801169186347,1784896547575,Default Profile,false
2026-07-24T12:47:22.051Z,32.63545116875321,-16.94253525696695,112.0,10.204082,62.7,1.3399999,0,gps,,,,38.9,,,,76,,1784897242051,2026-07-24T13:47:22.051+01:00,1247.9713907089413,1784896547575,Default Profile,false
2026-07-24T12:47:28.698Z,32.635468184016645,-16.942474991083145,112.0,8.67347,46.1,1.29,0,gps,,,,38.9,,,,76,,1784897248698,2026-07-24T13:47:28.698+01:00,1253.9233702284419,1784896547575,Default Profile,false
2026-07-24T12:47:35.386Z,32.63547832611948,-16.942346831783652,111.0,11.22449,48.1,1.49,0,gps,,,,38.9,,,,76,,1784897255386,2026-07-24T13:47:35.386+01:00,1265.9769931029898,1784896547575,Default Profile,false
2026-07-24T12:47:42.049Z,32.63551365584135,-16.94201096892357,108.0,9.693877,39.0,1.4599999,0,gps,,,,38.9,,,,76,,1784897262049,2026-07-24T13:47:42.049+01:00,1297.671364485562,1784896547575,Default Profile,false
2026-07-24T12:47:48.718Z,32.635493874549866,-16.942159412428737,110.0,9.693877,42.5,1.51,0,gps,,,,38.9,,,,76,,1784897268718,2026-07-24T13:47:48.718+01:00,1311.7444654608385,1784896547575,Default Profile,false
2026-07-24T12:47:55.384Z,32.63551520649344,-16.942108031362295,108.0,12.755102,24.7,1.31,0,gps,,,,38.9,,,,76,,1784897275384,2026-07-24T13:47:55.384+01:00,1317.1086878190265,1784896547575,Default Profile,false
2026-07-24T12:48:02.059Z,32.6355489436537,-16.942071737721562,111.0,10.204082,21.5,1.4699999,0,gps,,,,38.9,,,,76,,1784897282059,2026-07-24T13:48:02.059+01:00,1322.1705924354385,1784896547575,Default Profile,false
2026-07-24T12:48:08.725Z,32.63557304162532,-16.942035695537925,110.0,8.67347,37.3,1.18,0,gps,,,,38.9,,,,76,,1784897288725,2026-07-24T13:48:08.725+01:00,1326.479940207984,1784896547575,Default Profile,false
2026-07-24T12:48:15.411Z,32.63559340965003,-16.942029241472483,107.0,8.67347,22.3,0.98999995,0,gps,,,,38.9,,,,76,,1784897295411,2026-07-24T13:48:15.411+01:00,1328.824008780179,1784896547575,Default Profile,false
2026-07-24T12:48:22.089Z,32.635615495964885,-16.942010298371315,109.0,12.244898,36.8,1.22,0,gps,,,,38.9,,,,76,,1784897302089,2026-07-24T13:48:22.089+01:00,1331.8534975309474,1784896547575,Default Profile,false
2026-07-24T12:48:28.766Z,32.63563397806138,-16.941932011395693,108.0,9.693877,31.1,1.12,0,gps,,,,38.9,,,,76,,1784897308766,2026-07-24T13:48:28.766+01:00,1339.466844890218,1784896547575,Default Profile,false
2026-07-24T12:48:35.490Z,32.635677312500775,-16.94186696782708,111.0,9.183674,30.7,1.11,0,gps,,,,38.9,,,,76,,1784897315490,2026-07-24T13:48:35.490+01:00,1347.2330735673236,1784896547575,Default Profile,false
2026-07-24T12:48:42.173Z,32.63567647431046,-16.941836792975664,107.0,10.714286,27.7,1.24,0,gps,,,,38.9,,,,76,,1784897322173,2026-07-24T13:48:42.173+01:00,1350.060156568839,1784896547575,Default Profile,false
2026-07-24T12:48:48.838Z,32.63569654896855,-16.941784489899874,109.0,10.714286,8.3,1.13,0,gps,,,,38.9,,,,76,,1784897328838,2026-07-24T13:48:48.838+01:00,1355.442473004492,1784896547575,Default Profile,false
2026-07-24T12:48:55.486Z,32.63571427669376,-16.941686421632767,109.0,29.591837,26.2,1.3399999,0,gps,,,,38.9,,,,76,,1784897335486,2026-07-24T13:48:55.486+01:00,1364.834685728449,1784896547575,Default Profile,false
2026-07-24T12:49:02.163Z,32.63573606964201,-16.941567147150636,110.0,13.265306,21.4,0.90999997,0,gps,,,,38.9,,,,76,,1784897342163,2026-07-24T13:49:02.163+01:00,1376.263298933418,1784896547575,Default Profile,false
2026-07-24T12:49:08.852Z,32.63575828168541,-16.94154334254563,107.0,10.714286,26.0,0.84999996,0,gps,,,,38.9,,,,76,,1784897348852,2026-07-24T13:49:08.852+01:00,1379.5902887612451,1784896547575,Default Profile,false
2026-07-24T12:49:15.602Z,32.63576100580394,-16.94148626178503,108.0,7.6530614,50.1,1.52,0,gps,,,,38.9,,,,76,,1784897355602,2026-07-24T13:49:15.602+01:00,1384.943851708895,1784896547575,Default Profile,false
2026-07-24T12:49:22.299Z,32.63579252175987,-16.941395066678524,106.0,11.734694,40.6,1.23,0,gps,,,,38.9,,,,76,,1784897362299,2026-07-24T13:49:22.299+01:00,1394.1743771161428,1784896547575,Default Profile,false
2026-07-24T12:49:29.022Z,32.63580677099526,-16.941295405849814,106.0,10.714286,52.0,1.2099999,0,gps,,,,38.9,,,,76,,1784897369022,2026-07-24T13:49:29.022+01:00,1403.640066129564,1784896547575,Default Profile,false
2026-07-24T12:49:35.706Z,32.635823911987245,-16.94124930538237,109.0,9.693877,50.9,1.28,0,gps,,,,38.9,,,,76,,1784897375706,2026-07-24T13:49:35.706+01:00,1408.3589183190518,1784896547575,Default Profile,false
2026-07-24T12:49:42.381Z,32.635824833996594,-16.941224578768015,107.0,9.183674,57.4,1.56,0,gps,,,,38.9,,,,76,,1784897382381,2026-07-24T13:49:42.381+01:00,1410.6765613742027,1784896547575,Default Profile,false
2026-07-24T12:49:49.070Z,32.635835856199265,-16.941204462200403,106.0,7.142857,55.8,1.1899999,0,gps,,,,38.9,,,,76,,1784897389070,2026-07-24T13:49:49.070+01:00,1412.9238778536044,1784896547575,Default Profile,false
2026-07-24T12:49:55.752Z,32.63585148844868,-16.94117797538638,106.0,8.67347,57.6,1.49,0,gps,,,,38.9,,,,76,,1784897395752,2026-07-24T13:49:55.752+01:00,1415.9525425867257,1784896547575,Default Profile,false
2026-07-24T12:50:02.438Z,32.63585802633315,-16.941059874370694,106.0,9.183674,74.3,1.15,0,gps,,,,38.9,,,,76,,1784897402438,2026-07-24T13:50:02.438+01:00,1427.0352637545686,1784896547575,Default Profile,false
2026-07-24T12:50:09.064Z,32.635863977484405,-16.940928613767028,109.0,8.163265,49.8,1.25,0,gps,,,,38.9,,,,76,,1784897409064,2026-07-24T13:50:09.064+01:00,1439.34416531999,1784896547575,Default Profile,false
2026-07-24T12:50:15.738Z,32.63587231747806,-16.940895672887564,106.0,7.6530614,39.2,1.4699999,0,gps,,,,38.9,,,,76,,1784897415738,2026-07-24T13:50:15.738+01:00,1442.5651034651928,1784896547575,Default Profile,false
2026-07-24T12:50:22.404Z,32.635880657471716,-16.940856026485562,107.0,7.6530614,55.2,1.31,0,gps,,,,38.9,,,,76,,1784897422404,2026-07-24T13:50:22.404+01:00,1446.3916237731992,1784896547575,Default Profile,false
2026-07-24T12:50:29.104Z,32.63588686008006,-16.940790731459856,106.0,7.6530614,66.8,1.1999999,0,gps,,,,38.9,,,,76,,1784897429104,2026-07-24T13:50:29.104+01:00,1452.544555037809,1784896547575,Default Profile,false
2026-07-24T12:50:35.825Z,32.635887362994254,-16.940718479454517,108.0,8.163265,66.6,1.5699999,0,gps,,,,38.9,,,,76,,1784897435825,2026-07-24T13:50:35.825+01:00,1459.3103837602876,1784896547575,Default Profile,false
2026-07-24T12:50:42.522Z,32.63592001050711,-16.940691992640495,107.0,8.163265,59.2,1.39,0,gps,,,,38.9,,,,76,,1784897442522,2026-07-24T13:50:42.522+01:00,1463.7069728669169,1784896547575,Default Profile,false
2026-07-24T12:50:49.234Z,32.63741131871939,-16.93841320462525,105.0,8.67347,49.9,1.18,0,gps,,,,38.9,,,,76,,1784897449234,2026-07-24T13:50:49.234+01:00,1733.9472754776434,1784896547575,Default Profile,false
2026-07-24T12:50:55.937Z,32.63738680165261,-16.938344221562147,99.0,11.22449,63.1,1.35,0,gps,,,,38.9,,,,76,,1784897455937,2026-07-24T13:50:55.937+01:00,1740.9583894540208,1784896547575,Default Profile,false
2026-07-24T12:51:02.685Z,32.637385837733746,-16.93824573419988,98.0,8.163265,61.4,1.4399999,0,gps,,,,38.9,,,,76,,1784897462685,2026-07-24T13:51:02.685+01:00,1750.1811050826643,1784896547575,Default Profile,false
2026-07-24T12:51:09.376Z,32.637431058101356,-16.93812687881291,96.0,9.183674,61.6,1.16,0,gps,,,,38.9,,,,76,,1784897469376,2026-07-24T13:51:09.376+01:00,1762.3935910174914,1784896547575,Default Profile,false
2026-07-24T12:51:16.067Z,32.637460101395845,-16.93799897097051,105.0,8.67347,64.4,1.42,0,gps,,,,38.9,,,,76,,1784897476067,2026-07-24T13:51:16.067+01:00,1774.7982894918896,1784896547575,Default Profile,false
2026-07-24T12:51:22.730Z,32.63741944916546,-16.937853880226612,107.0,7.6530614,55.7,1.2099999,0,gps,,,,38.9,,,,76,,1784897482730,2026-07-24T13:51:22.730+01:00,1789.1164598054431,1784896547575,Default Profile,false
2026-07-24T12:51:29.391Z,32.63742292765528,-16.937758745625615,113.0,7.6530614,53.2,1.23,0,gps,,,,38.9,,,,75,,1784897489391,2026-07-24T13:51:29.391+01:00,1798.0329987758462,1784896547575,Default Profile,false
2026-07-24T12:51:37.000Z,32.637578579597175,-16.937678530812263,115.0,7.6530614,63.2,1.35,25,gps,,,,38.9,,,,75,,1784897497000,2026-07-24T13:51:37.000+01:00,1816.900250264027,1784896547575,Default Profile,false
2026-07-24T12:51:43.693Z,32.63761872891337,-16.937571493908763,111.0,9.183674,54.3,1.01,0,gps,,,,38.9,,,,75,,1784897503693,2026-07-24T13:51:43.693+01:00,1827.8722092711073,1784896547575,Default Profile,false
2026-07-24T12:51:50.376Z,32.6376145798713,-16.937527153640985,90.0,9.183674,56.0,1.29,0,gps,,,,38.9,,,,75,,1784897510376,2026-07-24T13:51:50.376+01:00,1832.0496562558337,1784896547575,Default Profile,false
2026-07-24T12:51:57.045Z,32.63767677359283,-16.93743067793548,113.0,8.67347,52.8,1.18,0,gps,,,,38.9,,,,75,,1784897517045,2026-07-24T13:51:57.045+01:00,1843.4265464706207,1784896547575,Default Profile,false
2026-07-24T12:52:03.738Z,32.63757111970335,-16.937519693747163,102.0,8.67347,55.8,1.56,0,gps,,,,38.9,,,,75,,1784897523738,2026-07-24T13:52:03.738+01:00,1857.8312289335308,1784896547575,Default Profile,false
2026-07-24T12:52:10.436Z,32.63761244248599,-16.93742824718356,101.0,9.183674,65.6,1.6899999,0,gps,,,,38.9,,,,75,,1784897530436,2026-07-24T13:52:10.436+01:00,1867.5489630777722,1784896547575,Default Profile,false
2026-07-24T12:52:17.071Z,32.63764492236078,-16.937314672395587,103.0,8.163265,50.6,0.88,0,gps,,,,38.9,,,,75,,1784897537071,2026-07-24T13:52:17.071+01:00,1878.7802951902543,1784896547575,Default Profile,false
2026-07-24T12:52:23.724Z,32.63772945385426,-16.937263291329145,101.0,8.67347,50.7,1.37,0,gps,,,,38.9,,,,75,,1784897543724,2026-07-24T13:52:23.724+01:00,1889.3395303093544,1784896547575,Default Profile,false
2026-07-24T12:52:29.970Z,32.637685616500676,-16.937197325751185,100.0,7.6530614,38.7,1.03,0,gps,,,,38.9,,,,75,,1784897549970,2026-07-24T13:52:29.970+01:00,1897.2080590317128,1784896547575,Default Profile,false
2026-07-24T12:52:36.636Z,32.63774315826595,-16.937144603580236,97.0,8.163265,53.6,1.2099999,0,gps,0.4,0.6,0.8,38.9,,,,75,,1784897556636,2026-07-24T13:52:36.636+01:00,1905.2895416832982,1784896547575,Default Profile,false
2026-07-24T12:52:43.312Z,32.63769760262221,-16.937271589413285,96.0,9.693877,42.1,1.25,0,gps,0.4,0.6,0.8,38.9,,,,75,,1784897563312,2026-07-24T13:52:43.312+01:00,1918.214149605858,1784896547575,Default Profile,false
2026-07-24T12:52:49.976Z,32.63772090431303,-16.93722339347005,100.0,8.163265,33.5,0.75,0,gps,0.6,0.8,1.0,38.9,,,,75,,1784897569976,2026-07-24T13:52:49.976+01:00,1923.417985405422,1784896547575,Default Profile,false
2026-07-24T12:52:56.592Z,32.63777094427496,-16.937116188928485,101.0,8.163265,69.9,1.4399999,0,gps,0.6,0.8,1.0,38.9,,,,75,,1784897576592,2026-07-24T13:52:56.592+01:00,1934.8952582379588,1784896547575,Default Profile,false
2026-07-24T12:53:02.000Z,32.63800903223455,-16.93641034886241,99.0,13.77551,76.1,1.55,0,gps,0.6,0.8,1.0,38.9,,,,75,,1784897582000,2026-07-24T13:53:02.000+01:00,2006.0929671243202,1784896547575,Default Profile,false
2026-07-24T12:53:08.000Z,32.63808065559715,-16.936337426304817,101.0,10.714286,66.3,1.02,10,gps,1.0,1.2,1.6,38.9,,,,75,,1784897588000,2026-07-24T13:53:08.000+01:00,2016.5835525646107,1784896547575,Default Profile,false
2026-07-24T12:53:14.000Z,32.63815190177411,-16.936295265331864,97.0,14.795918,7.5,1.68,9,gps,1.0,1.2,1.6,38.9,,,,75,,1784897594000,2026-07-24T13:53:14.000+01:00,2025.43491722369,1784896547575,Default Profile,false
2026-07-24T12:53:20.000Z,32.638201313093305,-16.936161825433373,89.0,17.857143,64.3,3.26,24,gps,0.6,0.8,1.2,38.9,,,,75,,1784897600000,2026-07-24T13:53:20.000+01:00,2039.0843983219474,1784896547575,Default Profile,false
2026-07-24T12:53:26.000Z,32.63822633307427,-16.935938699170947,88.0,17.857143,77.1,2.59,9,gps,1.2,1.6,2.0,38.9,,,,75,,1784897606000,2026-07-24T13:53:26.000+01:00,2060.1615696221797,1784896547575,Default Profile,false
2026-07-24T12:53:32.000Z,32.638240959495306,-16.935760667547584,89.0,22.959183,73.8,2.6499999,9,gps,1.0,1.4,1.8,38.9,,,,75,,1784897612000,2026-07-24T13:53:32.000+01:00,2076.9109648481003,1784896547575,Default Profile,false
2026-07-24T12:53:38.000Z,32.63827754650265,-16.93559001199901,89.0,17.857143,79.2,2.04,20,gps,0.6,1.2,1.4,38.9,,,,75,,1784897618000,2026-07-24T13:53:38.000+01:00,2093.400286180713,1784896547575,Default Profile,false
2026-07-24T12:53:44.000Z,32.63828676659614,-16.935470150783658,88.0,25.510204,86.3,1.35,20,gps,1.0,1.4,1.8,38.9,,,,75,,1784897624000,2026-07-24T13:53:44.000+01:00,2104.6703856768145,1784896547575,Default Profile,false
2026-07-24T12:53:50.000Z,32.63832326978445,-16.935353223234415,89.0,16.836735,66.7,1.04,20,gps,0.6,1.0,1.2,38.9,,,,75,,1784897630000,2026-07-24T13:53:50.000+01:00,2116.347226361367,1784896547575,Default Profile,false
2026-07-24T12:53:56.000Z,32.638357006944716,-16.935235457494855,88.0,20.918367,88.3,1.2099999,17,gps,0.8,1.2,1.4,38.9,,,,75,,1784897636000,2026-07-24T13:53:56.000+01:00,2127.9950186535743,1784896547575,Default Profile,false
2026-07-24T12:54:02.000Z,32.63838429003954,-16.93511836230755,89.0,18.367348,93.5,1.63,20,gps,0.6,1.0,1.2,38.9,,,,75,,1784897642000,2026-07-24T13:54:02.000+01:00,2139.371343105358,1784896547575,Default Profile,false
2026-07-24T12:54:08.000Z,32.638388187624514,-16.934996573254466,90.0,14.795918,92.8,1.54,22,gps,0.6,1.0,1.2,38.9,,,,75,,1784897648000,2026-07-24T13:54:08.000+01:00,2150.783448656055,1784896547575,Default Profile,false
2026-07-24T12:54:14.000Z,32.63838936109096,-16.934892470017076,91.0,20.408163,76.8,1.15,11,gps,1.0,1.8,2.0,38.9,,,,75,,1784897654000,2026-07-24T13:54:14.000+01:00,2160.532160997421,1784896547575,Default Profile,false
2026-07-24T12:54:20.000Z,32.63841949403286,-16.93477001041174,91.0,18.367348,73.6,2.21,11,gps,0.8,1.2,1.4,38.9,,,,75,,1784897660000,2026-07-24T13:54:20.000+01:00,2172.4783315102345,1784896547575,Default Profile,false
2026-07-24T12:54:26.000Z,32.63844883069396,-16.934611927717924,90.0,18.87755,78.9,2.74,15,gps,0.8,1.2,1.6,38.9,,,,75,,1784897666000,2026-07-24T13:54:26.000+01:00,2187.635782299364,1784896547575,Default Profile,false
2026-07-24T12:54:32.000Z,32.63844744767994,-16.934509919956326,91.0,15.306123,104.4,1.05,21,gps,0.6,1.0,1.2,38.9,,,,75,,1784897672000,2026-07-24T13:54:32.000+01:00,2197.18864038756,1784896547575,Default Profile,false
2026-07-24T12:54:38.000Z,32.63847393449396,-16.934414198622108,91.0,15.306123,59.9,1.65,19,gps,0.8,1.2,1.6,38.9,,,,75,,1784897678000,2026-07-24T13:54:38.000+01:00,2206.6231112227806,1784896547575,Default Profile,false
2026-07-24T12:54:44.000Z,32.638527285307646,-16.934294421225786,92.0,12.755102,65.9,1.52,19,gps,0.6,1.0,1.4,38.9,,,,75,,1784897684000,2026-07-24T13:54:44.000+01:00,2219.31089985683,1784896547575,Default Profile,false
2026-07-24T12:54:50.000Z,32.6385409059003,-16.934204399585724,91.0,21.428572,84.7,1.62,15,gps,0.8,1.2,1.4,38.9,,,,75,,1784897690000,2026-07-24T13:54:50.000+01:00,2227.8751596666953,1784896547575,Default Profile,false
2026-07-24T12:54:56.000Z,32.638562405481935,-16.934103816747665,92.0,21.428572,74.2,1.17,12,gps,0.8,1.6,1.8,38.9,,,,75,,1784897696000,2026-07-24T13:54:56.000+01:00,2237.592020600545,1784896547575,Default Profile,false
2026-07-24T12:55:02.000Z,32.638581432402134,-16.93404925055802,92.0,20.408163,65.7,0.7,12,gps,1.0,1.8,2.0,38.9,,,,75,,1784897702000,2026-07-24T13:55:02.000+01:00,2243.122099758387,1784896547575,Default Profile,false
2026-07-24T12:55:08.000Z,32.63858013320714,-16.93395445123315,92.0,20.918367,99.7,1.63,18,gps,0.6,1.0,1.4,38.9,,,,75,,1784897708000,2026-07-24T13:55:08.000+01:00,2251.999911552954,1784896547575,Default Profile,false
2026-07-24T12:55:14.000Z,32.63856869190931,-16.93384406156838,93.0,18.87755,96.6,1.43,17,gps,0.6,1.2,1.4,38.9,,,,75,,1784897714000,2026-07-24T13:55:14.000+01:00,2262.414364779551,1784896547575,Default Profile,false
2026-07-24T12:55:20.000Z,32.63854555785656,-16.93373224698007,95.0,14.285714,106.1,1.73,16,gps,0.8,1.2,1.6,38.9,,,,75,,1784897720000,2026-07-24T13:55:20.000+01:00,2273.1956265590957,1784896547575,Default Profile,false
2026-07-24T12:55:26.000Z,32.638501385226846,-16.933618085458875,94.0,14.795918,111.3,1.9599999,20,gps,0.6,1.0,1.2,38.9,,,,75,,1784897726000,2026-07-24T13:55:26.000+01:00,2284.9597235635765,1784896547575,Default Profile,false
2026-07-24T12:55:32.000Z,32.63847116846591,-16.933504594489932,94.0,13.265306,121.0,1.42,20,gps,0.8,1.2,1.4,38.9,,,,75,,1784897732000,2026-07-24T13:55:32.000+01:00,2296.1050999055124,1784896547575,Default Profile,false
2026-07-24T12:55:38.000Z,32.63840742409229,-16.933404346928,94.0,12.244898,130.0,1.62,19,gps,0.6,1.0,1.2,38.9,,,,75,,1784897738000,2026-07-24T13:55:38.000+01:00,2307.8674351700656,1784896547575,Default Profile,false
2026-07-24T12:55:44.000Z,32.638382865116,-16.93329923786223,94.0,11.734694,120.9,1.5699999,21,gps,0.6,1.0,1.4,38.9,,,,75,,1784897744000,2026-07-24T13:55:44.000+01:00,2318.081289346732,1784896547575,Default Profile,false
2026-07-24T12:55:50.000Z,32.638357509858906,-16.93319563753903,93.0,12.244898,96.6,1.8,17,gps,1.0,1.4,1.8,38.9,,,,75,,1784897750000,2026-07-24T13:55:50.000+01:00,2328.1834392478145,1784896547575,Default Profile,false
2026-07-24T12:55:56.000Z,32.63831723481417,-16.933089438825846,93.0,13.77551,119.9,1.35,16,gps,1.2,1.6,2.0,38.9,,,,75,,1784897756000,2026-07-24T13:55:56.000+01:00,2339.08940867384,1784896547575,Default Profile,false
2026-07-24T12:56:02.000Z,32.638273146003485,-16.93298944272101,93.0,13.77551,109.4,1.62,21,gps,0.8,1.2,1.4,38.9,,,,75,,1784897762000,2026-07-24T13:56:02.000+01:00,2349.65846274659,1784896547575,Default Profile,false
2026-07-24T12:56:08.000Z,32.63823245186359,-16.93287863396108,93.0,14.285714,113.7,1.51,21,gps,0.8,1.2,1.4,38.9,,,,75,,1784897768000,2026-07-24T13:56:08.000+01:00,2360.977974099421,1784896547575,Default Profile,false
2026-07-24T12:56:14.000Z,32.63819154817611,-16.932771261781454,93.0,13.77551,118.8,1.37,17,gps,0.8,1.4,1.6,38.9,,,,75,,1784897774000,2026-07-24T13:56:14.000+01:00,2372.0128639709264,1784896547575,Default Profile,false
2026-07-24T12:56:20.000Z,32.63817453291267,-16.932679060846567,93.0,13.265306,92.0,1.74,14,gps,1.2,1.8,2.2,38.9,,,,75,,1784897780000,2026-07-24T13:56:20.000+01:00,2380.8511224011995,1784896547575,Default Profile,false
2026-07-24T12:56:26.000Z,32.63816749211401,-16.93258434534073,92.0,14.795918,105.3,1.17,15,gps,1.0,1.2,1.4,38.9,,,,75,,1784897786000,2026-07-24T13:56:26.000+01:00,2389.754439336051,1784896547575,Default Profile,false
2026-07-24T12:56:32.000Z,32.63816451653838,-16.932489713653922,93.0,14.285714,83.6,1.67,19,gps,1.0,1.2,1.6,38.9,,,,74,,1784897792000,2026-07-24T13:56:32.000+01:00,2398.621594944463,1784896547575,Default Profile,false
2026-07-24T12:56:38.000Z,32.63816359452903,-16.93238695152104,93.0,19.897959,87.5,1.99,17,gps,0.8,1.2,1.6,38.9,,,,74,,1784897798000,2026-07-24T13:56:38.000+01:00,2408.244428310264,1784896547575,Default Profile,false
2026-07-24T12:56:44.000Z,32.638171976432204,-16.932272873818874,93.0,17.857143,92.6,1.6899999,16,gps,1.0,1.4,1.6,38.9,,,,74,,1784897804000,2026-07-24T13:56:44.000+01:00,2418.9668494741345,1784896547575,Default Profile,false
2026-07-24T12:56:50.000Z,32.6381394546479,-16.93217924796045,93.0,16.836735,100.9,2.5,17,gps,0.8,1.4,1.6,38.9,,,,74,,1784897810000,2026-07-24T13:56:50.000+01:00,2428.4502078361306,1784896547575,Default Profile,false
2026-07-24T12:56:56.000Z,32.63815106358379,-16.932078497484326,93.0,19.387754,78.0,1.4699999,20,gps,0.6,1.0,1.2,38.9,,,,74,,1784897816000,2026-07-24T13:56:56.000+01:00,2437.97203753538,1784896547575,Default Profile,false
2026-07-24T12:57:02.000Z,32.638141298666596,-16.931981602683663,93.0,22.44898,124.8,1.16,20,gps,0.8,1.2,1.4,38.9,,,,74,,1784897822000,2026-07-24T13:57:02.000+01:00,2447.1096718271738,1784896547575,Default Profile,false
2026-07-24T12:57:08.000Z,32.638131910935044,-16.931899711489677,94.0,25.0,88.1,1.23,16,gps,1.0,1.4,1.8,38.9,,,,74,,1784897828000,2026-07-24T13:57:08.000+01:00,2454.8484057868272,1784896547575,Default Profile,false
2026-07-24T12:57:17.000Z,32.63815236277878,-16.931787142530084,93.0,19.387754,67.1,1.9799999,10,gps,2.6,3.8,4.6,38.9,,,,74,,1784897837000,2026-07-24T13:57:17.000+01:00,2465.6315067659675,1784896547575,Default Profile,false
2026-07-24T12:57:23.000Z,32.63815341051668,-16.931664012372494,92.0,29.081633,96.2,1.17,16,gps,0.8,1.2,1.6,38.9,,,,74,,1784897843000,2026-07-24T13:57:23.000+01:00,2477.1615747109504,1784896547575,Default Profile,false
2026-07-24T12:57:29.000Z,32.638112381100655,-16.93156653083861,92.0,16.32653,127.6,1.26,17,gps,0.8,1.4,1.6,38.9,,,,74,,1784897849000,2026-07-24T13:57:29.000+01:00,2487.366063327265,1784896547575,Default Profile,false
2026-07-24T12:57:35.000Z,32.638146160170436,-16.931448178365827,93.0,14.795918,53.3,1.31,19,gps,0.8,1.2,1.4,38.9,,,,74,,1784897855000,2026-07-24T13:57:35.000+01:00,2499.0674009237373,1784896547575,Default Profile,false
2026-07-24T12:57:41.000Z,32.63812222983688,-16.93137609399855,94.0,11.22449,84.5,1.91,19,gps,0.8,1.2,1.4,38.9,,,,74,,1784897861000,2026-07-24T13:57:41.000+01:00,2506.3227038863392,1784896547575,Default Profile,false
2026-07-24T12:57:47.000Z,32.6381447352469,-16.931254137307405,94.0,10.204082,82.7,2.19,18,gps,0.8,1.2,1.6,38.9,,,,74,,1784897867000,2026-07-24T13:57:47.000+01:00,2518.0132883284646,1784896547575,Default Profile,false
2026-07-24T12:57:53.000Z,32.63813488651067,-16.93113813176751,93.0,14.285714,92.2,1.9499999,16,gps,1.0,1.6,2.0,38.9,,,,74,,1784897873000,2026-07-24T13:57:53.000+01:00,2528.9307100910346,1784896547575,Default Profile,false
2026-07-24T12:57:59.000Z,32.63812055345625,-16.931040985509753,92.0,10.204082,103.6,2.03,20,gps,0.8,1.2,1.6,38.9,,,,74,,1784897879000,2026-07-24T13:57:59.000+01:00,2538.165714172779,1784896547575,Default Profile,false
2026-07-24T12:58:05.000Z,32.63803564477712,-16.930982815101743,93.0,11.734694,162.5,0.41,18,gps,0.8,1.4,1.6,38.9,,,,74,,1784897885000,2026-07-24T13:58:05.000+01:00,2549.0656589640475,1784896547575,Default Profile,false
2026-07-24T12:58:11.000Z,32.63795882463455,-16.930901175364852,92.0,13.77551,119.6,1.8299999,18,gps,0.6,1.0,1.2,38.9,,,,74,,1784897891000,2026-07-24T13:58:11.000+01:00,2560.5288138841074,1784896547575,Default Profile,false
2026-07-24T12:58:17.000Z,32.63797181658447,-16.93080629222095,92.0,17.857143,65.5,1.48,18,gps,1.0,1.4,1.8,38.9,,,,74,,1784897897000,2026-07-24T13:58:17.000+01:00,2569.530043691548,1784896547575,Default Profile,false
2026-07-24T12:58:23.000Z,32.63799930922687,-16.930694226175547,93.0,16.32653,86.3,1.5799999,18,gps,0.8,1.0,1.4,38.9,,,,74,,1784897903000,2026-07-24T13:58:23.000+01:00,2580.4597703399468,1784896547575,Default Profile,false
2026-07-24T12:58:29.000Z,32.638001278974116,-16.93055802024901,92.0,15.306123,79.8,1.8,20,gps,0.6,1.0,1.2,38.9,,,,74,,1784897909000,2026-07-24T13:58:29.000+01:00,2593.2155214798067,1784896547575,Default Profile,false
2026-07-24T12:58:35.000Z,32.63803920708597,-16.93047059699893,93.0,15.306123,79.6,1.5699999,18,gps,0.6,1.0,1.2,38.9,,,,74,,1784897915000,2026-07-24T13:58:35.000+01:00,2602.4240781883286,1784896547575,Default Profile,false
2026-07-24T12:58:41.000Z,32.638067244552076,-16.930340258404613,93.0,13.77551,81.1,1.89,20,gps,0.8,1.2,1.4,38.9,,,,74,,1784897921000,2026-07-24T13:58:41.000+01:00,2615.0204493404867,1784896547575,Default Profile,false
2026-07-24T12:58:47.000Z,32.638115021400154,-16.930230287835002,93.0,11.734694,69.7,1.9,17,gps,0.8,1.0,1.4,38.9,,,,74,,1784897927000,2026-07-24T13:58:47.000+01:00,2626.6073752335674,1784896547575,Default Profile,false
2026-07-24T12:58:53.000Z,32.63813790399581,-16.93010162562132,93.0,14.795918,91.9,1.5699999,17,gps,1.0,1.6,2.0,38.9,,,,74,,1784897933000,2026-07-24T13:58:53.000+01:00,2638.9206209649396,1784896547575,Default Profile,false
2026-07-24T12:58:59.000Z,32.63813983183354,-16.929996768012643,93.0,17.857143,95.5,1.9399999,20,gps,0.6,1.0,1.2,38.9,,,,74,,1784897939000,2026-07-24T13:58:59.000+01:00,2648.741463797159,1784896547575,Default Profile,false
2026-07-24T12:59:05.000Z,32.63816409744322,-16.929884031414986,93.0,20.408163,79.9,2.05,15,gps,1.2,1.8,2.2,38.9,,,,74,,1784897945000,2026-07-24T13:59:05.000+01:00,2659.637106660187,1784896547575,Default Profile,false
2026-07-24T12:59:11.000Z,32.638149093836546,-16.92971471697092,92.0,25.510204,94.3,2.4199998,15,gps,0.8,1.2,1.4,38.9,,,,74,,1784897951000,2026-07-24T13:59:11.000+01:00,2675.5786587762163,1784896547575,Default Profile,false
2026-07-24T12:59:17.000Z,32.63815755955875,-16.929601226001978,92.0,22.959183,84.2,2.12,16,gps,1.8,3.0,3.6,38.9,,,,74,,1784897957000,2026-07-24T13:59:17.000+01:00,2686.247169358142,1784896547575,Default Profile,false
2026-07-24T12:59:23.000Z,32.63815843965858,-16.92949427291751,91.0,28.571428,85.6,2.07,15,gps,1.0,1.4,1.8,38.9,,,,74,,1784897963000,2026-07-24T13:59:23.000+01:00,2696.2623614503627,1784896547575,Default Profile,false
2026-07-24T12:59:29.000Z,32.63817193452269,-16.929373405873775,90.0,19.897959,76.9,2.03,17,gps,0.8,1.0,1.4,38.9,,,,74,,1784897969000,2026-07-24T13:59:29.000+01:00,2707.678973021598,1784896547575,Default Profile,false
2026-07-24T12:59:35.000Z,32.63819904997945,-16.929266955703497,90.0,17.34694,77.6,1.36,16,gps,0.6,1.2,1.4,38.9,,,,74,,1784897975000,2026-07-24T13:59:35.000+01:00,2718.0926313141345,1784896547575,Default Profile,false
2026-07-24T12:59:41.000Z,32.63824133668095,-16.929202415049076,91.0,18.367348,57.9,1.92,16,gps,0.6,1.0,1.2,38.9,,,,74,,1784897981000,2026-07-24T13:59:41.000+01:00,2725.749758899983,1784896547575,Default Profile,false
2026-07-24T12:59:47.000Z,32.638297411613166,-16.929079620167613,92.0,13.265306,58.6,1.63,24,gps,0.6,0.8,1.0,38.9,,,,74,,1784897987000,2026-07-24T13:59:47.000+01:00,2738.829664764297,1784896547575,Default Profile,false
2026-07-24T12:59:53.000Z,32.63833156786859,-16.928951293230057,94.0,9.693877,58.1,1.43,24,gps,0.4,0.6,0.8,38.9,,,,74,,1784897993000,2026-07-24T13:59:53.000+01:00,2751.4316750867006,1784896547575,Default Profile,false
2026-07-24T12:59:59.000Z,32.638390702195466,-16.928806537762284,95.0,13.77551,59.6,3.37,15,gps,0.8,1.4,1.6,38.9,,,,74,,1784897999000,2026-07-24T13:59:59.000+01:00,2766.496774696528,1784896547575,Default Profile,false
2026-07-24T13:00:05.000Z,32.63845398556441,-16.928588692098856,95.0,16.836735,72.2,4.15,17,gps,1.0,1.8,2.0,38.9,,,,74,,1784898005000,2026-07-24T14:00:05.000+01:00,2788.0746553937556,1784896547575,Default Profile,false
2026-07-24T13:00:11.000Z,32.63853181153536,-16.92840462550521,95.0,15.816326,60.4,2.9199998,18,gps,0.8,1.2,1.4,38.9,,,,74,,1784898011000,2026-07-24T14:00:11.000+01:00,2807.360515007721,1784896547575,Default Profile,false
2026-07-24T13:00:17.000Z,32.63859949540347,-16.928221229463816,96.0,13.265306,70.7,2.87,19,gps,0.6,1.0,1.2,38.9,,,,74,,1784898017000,2026-07-24T14:00:17.000+01:00,2826.109823145282,1784896547575,Default Profile,false
2026-07-24T13:00:23.000Z,32.63868972659111,-16.928043449297547,96.0,12.244898,55.4,2.48,16,gps,0.8,1.2,1.6,38.9,,,,74,,1784898023000,2026-07-24T14:00:23.000+01:00,2845.5462892789433,1784896547575,Default Profile,false
2026-07-24T13:00:29.000Z,32.63878180179745,-16.9278974365443,96.0,13.77551,54.8,2.57,22,gps,0.6,0.8,1.0,38.9,,,,74,,1784898029000,2026-07-24T14:00:29.000+01:00,2862.6269008925497,1784896547575,Default Profile,false
2026-07-24T13:00:35.000Z,32.6388403493911,-16.9277660921216,96.0,12.244898,75.6,1.52,22,gps,0.6,0.8,1.0,38.9,,,,74,,1784898035000,2026-07-24T14:00:35.000+01:00,2876.54224600121,1784896547575,Default Profile,false
2026-07-24T13:00:41.000Z,32.638894664123654,-16.927655367180705,96.0,14.285714,53.8,2.5,20,gps,0.8,1.2,1.6,38.9,,,,74,,1784898041000,2026-07-24T14:00:41.000+01:00,2888.5408887027133,1784896547575,Default Profile,false
2026-07-24T13:00:47.000Z,32.63896368909627,-16.92750063724816,96.0,13.265306,65.2,2.29,23,gps,0.6,0.8,1.0,38.9,,,,74,,1784898047000,2026-07-24T14:00:47.000+01:00,2904.936570871807,1784896547575,Default Profile,false
2026-07-24T13:00:53.000Z,32.63905073516071,-16.92733987234533,97.0,12.244898,65.5,2.24,21,gps,0.6,1.0,1.2,38.9,,,,74,,1784898053000,2026-07-24T14:00:53.000+01:00,2922.8331378863713,1784896547575,Default Profile,false
2026-07-24T13:00:59.000Z,32.6390988053754,-16.927213724702597,97.0,12.755102,55.5,2.1299999,21,gps,0.6,1.2,1.4,38.9,,,,74,,1784898059000,2026-07-24T14:00:59.000+01:00,2935.7981625356138,1784896547575,Default Profile,false
2026-07-24T13:01:05.000Z,32.639144570566714,-16.927115907892585,98.0,18.87755,73.2,1.43,19,gps,0.8,1.2,1.6,38.9,,,,74,,1784898065000,2026-07-24T14:01:05.000+01:00,2946.2760470002545,1784896547575,Default Profile,false
2026-07-24T13:01:11.000Z,32.639191509224474,-16.927024042233825,98.0,19.387754,50.1,1.65,16,gps,0.8,1.6,1.8,38.9,,,,74,,1784898071000,2026-07-24T14:01:11.000+01:00,2956.337553128984,1784896547575,Default Profile,false
2026-07-24T13:01:17.000Z,32.63926489278674,-16.92691683769226,99.0,14.795918,55.0,1.8299999,14,gps,1.0,1.4,1.8,38.9,,,,74,,1784898077000,2026-07-24T14:01:17.000+01:00,2969.2738540657497,1784896547575,Default Profile,false
2026-07-24T13:01:23.000Z,32.63930516783148,-16.92678431980312,99.0,15.306123,64.2,1.74,15,gps,1.2,2.2,2.6,38.9,,,,74,,1784898083000,2026-07-24T14:01:23.000+01:00,2982.4656398371753,1784896547575,Default Profile,false
2026-07-24T13:01:29.000Z,32.639355501160026,-16.92667108029127,99.0,18.87755,52.3,2.04,11,gps,2.4,3.8,4.6,38.9,,,,74,,1784898089000,2026-07-24T14:01:29.000+01:00,2994.4553204399535,1784896547575,Default Profile,false
2026-07-24T13:01:35.000Z,32.63938630465418,-16.92657276056707,99.0,14.795918,72.0,1.03,11,gps,1.2,1.6,2.0,38.9,,,,74,,1784898095000,2026-07-24T14:01:35.000+01:00,3004.2780441822065,1784896547575,Default Profile,false
2026-07-24T13:01:41.000Z,32.6394283818081,-16.926470417529345,100.0,29.081633,63.8,2.34,11,gps,0.6,1.0,1.2,38.9,,,,73,,1784898101000,2026-07-24T14:01:41.000+01:00,3014.9421448407143,1784896547575,Default Profile,false
2026-07-24T13:01:47.000Z,32.63943014200777,-16.92633488215506,99.0,18.87755,67.3,1.54,11,gps,0.6,1.0,1.2,38.9,,,,73,,1784898107000,2026-07-24T14:01:47.000+01:00,3027.634533612372,1784896547575,Default Profile,false
2026-07-24T13:01:53.000Z,32.639486133120954,-16.926209991797805,100.0,16.836735,63.0,2.01,20,gps,0.6,1.0,1.2,38.9,,,,73,,1784898113000,2026-07-24T14:01:53.000+01:00,3040.8827334238035,1784896547575,Default Profile,false
2026-07-24T13:01:59.000Z,32.63953005429357,-16.926102954894304,100.0,16.32653,71.9,1.0799999,24,gps,0.6,0.8,1.0,38.9,,,,73,,1784898119000,2026-07-24T14:01:59.000+01:00,3052.0317397462127,1784896547575,Default Profile,false
2026-07-24T13:02:05.000Z,32.63959526550025,-16.92597270011902,101.0,4.591837,64.0,1.6899999,27,gps,0.4,0.8,1.0,38.9,,,,73,,1784898125000,2026-07-24T14:02:05.000+01:00,3066.220880244048,1784896547575,Default Profile,false
2026-07-24T13:02:11.000Z,32.63963533099741,-16.92589122802019,102.0,9.183674,59.2,1.2099999,18,gps,0.6,1.2,1.2,38.9,,,,73,,1784898131000,2026-07-24T14:02:11.000+01:00,3075.055124480348,1784896547575,Default Profile,false
2026-07-24T13:02:17.000Z,32.63966387137771,-16.925787460058928,102.0,18.367348,75.0,1.38,18,gps,0.6,0.8,1.0,38.9,,,,73,,1784898137000,2026-07-24T14:02:17.000+01:00,3085.2765741954527,1784896547575,Default Profile,false
2026-07-24T13:02:23.000Z,32.63972476590425,-16.925698863342404,103.0,19.387754,44.5,2.1299999,18,gps,0.6,1.0,1.2,38.9,,,,73,,1784898143000,2026-07-24T14:02:23.000+01:00,3095.9848900557536,1784896547575,Default Profile,false
2026-07-24T13:02:29.000Z,32.639798149466515,-16.925607500597835,103.0,12.244898,41.0,0.64,23,gps,0.6,0.8,1.0,38.9,,,,73,,1784898149000,2026-07-24T14:02:29.000+01:00,3107.8072053474607,1784896547575,Default Profile,false
2026-07-24T13:02:35.000Z,32.639838717877865,-16.92553063854575,103.0,23.979591,67.2,1.3,19,gps,0.6,1.0,1.2,38.9,,,,73,,1784898155000,2026-07-24T14:02:35.000+01:00,3116.3010491423906,1784896547575,Default Profile,false
2026-07-24T13:02:41.000Z,32.63987216167152,-16.925414549186826,104.0,20.918367,72.1,1.54,20,gps,0.6,1.0,1.2,38.9,,,,73,,1784898161000,2026-07-24T14:02:41.000+01:00,3127.789571749493,1784896547575,Default Profile,false
2026-07-24T13:02:47.000Z,32.639915202744305,-16.925308350473642,105.0,22.959183,65.5,1.7099999,20,gps,0.8,1.2,1.4,38.9,,,,73,,1784898167000,2026-07-24T14:02:47.000+01:00,3138.825247645553,1784896547575,Default Profile,false
2026-07-24T13:02:53.000Z,32.639964488334954,-16.92521195858717,105.0,16.32653,64.1,1.54,20,gps,0.6,1.0,1.2,38.9,,,,73,,1784898173000,2026-07-24T14:02:53.000+01:00,3149.384395131672,1784896547575,Default Profile,false
2026-07-24T13:02:59.000Z,32.64001117553562,-16.92507072351873,104.0,23.469387,68.1,1.8299999,17,gps,0.8,1.0,1.4,38.9,,,,73,,1784898179000,2026-07-24T14:02:59.000+01:00,3163.5913487638654,1784896547575,Default Profile,false
2026-07-24T13:03:05.000Z,32.64003841672093,-16.92496276460588,104.0,20.408163,64.6,1.61,18,gps,0.8,1.0,1.2,38.9,,,,73,,1784898185000,2026-07-24T14:03:05.000+01:00,3174.1441139508574,1784896547575,Default Profile,false
2026-07-24T13:03:11.000Z,32.640081625431776,-16.92483820952475,103.0,23.469387,71.7,1.64,18,gps,0.6,1.0,1.2,38.9,,,,73,,1784898191000,2026-07-24T14:03:11.000+01:00,3186.7576628078077,1784896547575,Default Profile,false
2026-07-24T13:03:17.000Z,32.64011984691024,-16.924722120165825,103.0,20.918367,64.0,1.92,18,gps,0.8,1.2,1.4,38.9,,,,73,,1784898197000,2026-07-24T14:03:17.000+01:00,3198.428951118835,1784896547575,Default Profile,false
2026-07-24T13:03:23.000Z,32.6401718147099,-16.924600834026933,102.0,26.020409,68.4,1.86,18,gps,0.8,1.0,1.4,38.9,,,,73,,1784898203000,2026-07-24T14:03:23.000+01:00,3211.171130457346,1784896547575,Default Profile,false
2026-07-24T13:03:29.000Z,32.640233589336276,-16.92448826506734,102.0,26.530613,59.1,2.03,18,gps,0.8,1.4,1.6,38.9,,,,73,,1784898209000,2026-07-24T14:03:29.000+01:00,3223.7521453236536,1784896547575,Default Profile,false
2026-07-24T13:03:35.000Z,32.64027784578502,-16.924371337518096,101.0,17.857143,72.5,1.78,18,gps,0.6,1.2,1.4,38.9,,,,73,,1784898215000,2026-07-24T14:03:35.000+01:00,3235.7556989823956,1784896547575,Default Profile,false
2026-07-24T13:03:41.000Z,32.640333753079176,-16.924284752458334,102.0,23.469387,44.9,1.23,18,gps,0.8,1.4,1.8,38.9,,,,73,,1784898221000,2026-07-24T14:03:41.000+01:00,3245.9721065426706,1784896547575,Default Profile,false
2026-07-24T13:03:47.000Z,32.64039100147784,-16.924244267866015,102.0,14.285714,24.2,1.43,13,gps,1.0,1.6,1.8,38.9,,,,73,,1784898227000,2026-07-24T14:03:47.000+01:00,3253.381038137184,1784896547575,Default Profile,false
2026-07-24T13:03:53.000Z,32.640461744740605,-16.924158856272697,102.0,23.469387,36.0,1.7099999,18,gps,1.0,1.2,1.6,38.9,,,,73,,1784898233000,2026-07-24T14:03:53.000+01:00,3264.598774603225,1784896547575,Default Profile,false
2026-07-24T13:03:59.000Z,32.64055415522307,-16.924102026969194,102.0,31.12245,28.2,1.9599999,13,gps,1.8,3.0,3.6,38.9,,,,73,,1784898239000,2026-07-24T14:03:59.000+01:00,3276.1703865105287,1784896547575,Default Profile,false
2026-07-24T13:04:05.000Z,32.640659641474485,-16.92407101392746,102.0,26.020409,359.7,1.75,13,gps,1.6,2.8,3.2,38.9,,,,73,,1784898245000,2026-07-24T14:04:05.000+01:00,3288.254032335738,1784896547575,Default Profile,false
2026-07-24T13:04:11.000Z,32.6407556142658,-16.924034217372537,102.0,30.612246,16.4,1.68,13,gps,1.8,3.0,3.6,38.9,,,,73,,1784898251000,2026-07-24T14:04:11.000+01:00,3299.468117904141,1784896547575,Default Profile,false
2026-07-24T13:04:17.000Z,32.640843875706196,-16.923987111076713,102.0,28.571428,30.1,1.56,17,gps,0.8,1.4,1.6,38.9,,,,73,,1784898257000,2026-07-24T14:04:17.000+01:00,3310.227932929657,1784896547575,Default Profile,false
2026-07-24T13:04:23.000Z,32.64093155041337,-16.92395953461528,103.0,31.632652,36.6,1.64,21,gps,0.6,1.0,1.2,38.9,,,,73,,1784898263000,2026-07-24T14:04:23.000+01:00,3320.3130618270434,1784896547575,Default Profile,false
2026-07-24T13:04:29.000Z,32.641051285900176,-16.923974035307765,104.0,21.428572,359.7,1.7199999,21,gps,0.8,1.2,1.4,38.9,,,,73,,1784898269000,2026-07-24T14:04:29.000+01:00,3333.696092747869,1784896547575,Default Profile,false
2026-07-24T13:04:35.000Z,32.64115714933723,-16.924013262614608,103.0,14.795918,336.8,1.5,24,gps,0.6,1.0,1.2,38.9,,,,73,,1784898275000,2026-07-24T14:04:35.000+01:00,3346.0272933823258,1784896547575,Default Profile,false
2026-07-24T13:04:41.000Z,32.64127026312053,-16.924037653952837,102.0,15.816326,353.9,2.12,24,gps,0.6,1.0,1.2,38.9,,,,73,,1784898281000,2026-07-24T14:04:41.000+01:00,3358.810639522926,1784896547575,Default Profile,false
2026-07-24T13:04:47.000Z,32.641379605047405,-16.92405492067337,102.0,19.387754,2.2,2.1699998,24,gps,0.8,1.4,1.6,38.9,,,,73,,1784898287000,2026-07-24T14:04:47.000+01:00,3371.0759284379346,1784896547575,Default Profile,false
2026-07-24T13:04:53.000Z,32.64150114264339,-16.924033127725124,102.0,17.34694,2.7,2.12,23,gps,0.6,0.8,1.0,38.9,,,,73,,1784898293000,2026-07-24T14:04:53.000+01:00,3384.7434755135278,1784896547575,Default Profile,false
2026-07-24T13:04:59.000Z,32.64162188395858,-16.924031618982553,102.0,23.469387,9.6,2.28,15,gps,1.0,1.4,1.8,38.9,,,,73,,1784898299000,2026-07-24T14:04:59.000+01:00,3398.1700403971,1784896547575,Default Profile,false
2026-07-24T13:05:05.000Z,32.64174233190715,-16.924043856561184,101.0,26.530613,358.3,2.25,17,gps,0.8,1.2,1.4,38.9,,,,73,,1784898305000,2026-07-24T14:05:05.000+01:00,3411.6121672741892,1784896547575,Default Profile,false
2026-07-24T13:05:11.000Z,32.64185003936291,-16.92405433394015,101.0,27.040817,353.1,3.33,18,gps,0.8,1.4,1.6,38.9,,,,73,,1784898311000,2026-07-24T14:05:11.000+01:00,3423.6288017988786,1784896547575,Default Profile,false
2026-07-24T13:05:17.000Z,32.641934864223,-16.924087358638644,100.0,29.081633,359.9,2.06,22,gps,0.6,0.8,1.2,38.9,,,,73,,1784898317000,2026-07-24T14:05:17.000+01:00,3433.554829654195,1784896547575,Default Profile,false
2026-07-24T13:05:23.000Z,32.64201499521732,-16.924104876816273,99.0,21.938776,342.3,1.74,21,gps,0.6,1.0,1.2,38.9,,,,73,,1784898323000,2026-07-24T14:05:23.000+01:00,3442.61471050854,1784896547575,Default Profile,false
2026-07-24T13:05:29.000Z,32.64210359193385,-16.924113174900413,100.0,24.489796,353.8,1.15,22,gps,0.6,1.0,1.2,38.9,,,,73,,1784898329000,2026-07-24T14:05:29.000+01:00,3452.4968074816015,1784896547575,Default Profile,false
2026-07-24T13:05:35.000Z,32.642188291065395,-16.92414578050375,99.0,23.469387,339.9,1.14,22,gps,0.8,1.0,1.4,38.9,,,,73,,1784898335000,2026-07-24T14:05:35.000+01:00,3462.397378275366,1784896547575,Default Profile,false
2026-07-24T13:05:41.000Z,32.64228162355721,-16.92411166615784,100.0,17.34694,17.1,2.02,22,gps,0.8,1.2,1.6,38.9,,,,73,,1784898341000,2026-07-24T14:05:41.000+01:00,3473.2559178934916,1784896547575,Default Profile,false
2026-07-24T13:05:47.000Z,32.64235328882933,-16.92413010634482,99.0,21.428572,303.6,1.5799999,13,gps,1.2,1.8,2.2,38.9,,,,73,,1784898347000,2026-07-24T14:05:47.000+01:00,3481.4096370460943,1784896547575,Default Profile,false
2026-07-24T13:05:56.000Z,32.64246644452214,-16.924115270376205,101.0,14.285714,5.5,1.66,12,gps,1.0,2.0,2.2,38.9,,,,73,,1784898356000,2026-07-24T14:05:56.000+01:00,3494.068425086555,1784896547575,Default Profile,false
2026-07-24T13:06:03.000Z,32.642701137810946,-16.92404762841761,130.0,14.285714,34.7,1.49,21,gps,0.8,1.0,1.4,38.9,,,,73,,1784898363000,2026-07-24T14:06:03.000+01:00,3520.922669065662,1784896547575,Default Profile,false
2026-07-24T13:06:09.000Z,32.64269715640694,-16.923872279003263,106.0,14.795918,21.9,1.09,12,gps,0.8,1.4,1.6,38.9,,,,73,,1784898369000,2026-07-24T14:06:09.000+01:00,3537.346911062111,1784896547575,Default Profile,false
2026-07-24T13:06:15.000Z,32.64274443034083,-16.92378770560026,96.0,12.755102,44.6,1.9699999,9,gps,1.0,1.4,1.8,38.9,,,,73,,1784898375000,2026-07-24T14:06:15.000+01:00,3546.851580771295,1784896547575,Default Profile,false
2026-07-24T13:06:34.000Z,32.64301298651844,-16.92354773171246,87.0,37.7551,23.0,1.86,6,gps,1.6,3.0,3.4,38.9,,,,73,,1784898394000,2026-07-24T14:06:34.000+01:00,3584.2227728817425,1784896547575,Default Profile,false
2026-07-24T13:06:40.000Z,32.64305711723864,-16.923450753092766,95.0,27.040817,39.0,0.59,11,gps,1.0,1.6,2.0,38.9,,,,73,,1784898400000,2026-07-24T14:06:40.000+01:00,3594.544138827744,1784896547575,Default Profile,false
2026-07-24T13:06:46.000Z,32.64307958073914,-16.923343716189265,105.0,26.530613,100.2,2.18,12,gps,1.4,1.4,2.0,38.9,,,,73,,1784898406000,2026-07-24T14:06:46.000+01:00,3604.872733693038,1784896547575,Default Profile,false
2026-07-24T13:06:52.000Z,32.643138128332794,-16.923244055360556,106.0,21.938776,77.5,1.3399999,12,gps,1.4,1.2,1.8,38.9,,,,73,,1784898412000,2026-07-24T14:06:52.000+01:00,3616.250660711063,1784896547575,Default Profile,false
2026-07-24T13:06:58.000Z,32.643158161081374,-16.923193847760558,106.0,22.44898,77.5,1.27,12,gps,1.4,1.4,2.0,38.9,,,,72,,1784898418000,2026-07-24T14:06:58.000+01:00,3621.4527139313004,1784896547575,Default Profile,false
2026-07-24T13:07:04.000Z,32.64321394264698,-16.923108519986272,105.0,29.081633,74.0,0.78,12,gps,1.0,1.2,1.6,38.9,,,,72,,1784898424000,2026-07-24T14:07:04.000+01:00,3631.5671706977764,1784896547575,Default Profile,false
2026-07-24T13:07:10.000Z,32.64324315357953,-16.92305915057659,103.0,23.469387,82.8,1.4699999,12,gps,0.6,1.2,1.4,38.9,,,,72,,1784898430000,2026-07-24T14:07:10.000+01:00,3637.216760873391,1784896547575,Default Profile,false
2026-07-24T13:07:16.000Z,32.643286027014256,-16.922996286302805,102.0,17.857143,71.1,1.61,23,gps,0.6,1.0,1.2,38.9,,,,72,,1784898436000,2026-07-24T14:07:16.000+01:00,3644.791249488197,1784896547575,Default Profile,false
2026-07-24T13:07:22.000Z,32.64331687241793,-16.922900145873427,99.0,12.244898,65.7,1.5,23,gps,0.6,0.8,1.0,38.9,,,,72,,1784898442000,2026-07-24T14:07:22.000+01:00,3654.4242737613313,1784896547575,Default Profile,false
2026-07-24T13:07:28.000Z,32.64334109611809,-16.92279914394021,98.0,10.714286,73.0,1.66,23,gps,0.6,0.8,1.0,38.9,,,,72,,1784898448000,2026-07-24T14:07:28.000+01:00,3664.2573100566447,1784896547575,Default Profile,false
2026-07-24T13:07:34.000Z,32.64336209278554,-16.922705518081784,99.0,10.204082,73.8,1.3299999,23,gps,0.6,1.0,1.2,38.9,,,,72,,1784898454000,2026-07-24T14:07:34.000+01:00,3673.3291770601018,1784896547575,Default Profile,false
2026-07-24T13:07:40.000Z,32.643385478295386,-16.92262622527778,98.0,15.306123,72.5,1.92,23,gps,0.6,0.8,1.0,38.9,,,,72,,1784898460000,2026-07-24T14:07:40.000+01:00,3681.1956621539116,1784896547575,Default Profile,false
2026-07-24T13:07:46.000Z,32.64340123627335,-16.922523295506835,98.0,13.77551,70.1,1.8,23,gps,0.6,1.0,1.2,38.9,,,,72,,1784898466000,2026-07-24T14:07:46.000+01:00,3690.9910748693105,1784896547575,Default Profile,false
2026-07-24T13:07:52.000Z,32.64340416993946,-16.922404943034053,98.0,17.857143,108.3,0.97999996,23,gps,0.8,1.2,1.4,38.9,,,,72,,1784898472000,2026-07-24T14:07:52.000+01:00,3702.0773383685987,1784896547575,Default Profile,false
2026-07-24T13:07:58.000Z,32.64338887296617,-16.92233009263873,98.0,12.244898,79.3,1.36,23,gps,0.6,1.0,1.2,38.9,,,,72,,1784898478000,2026-07-24T14:07:58.000+01:00,3709.289117662715,1784896547575,Default Profile,false
2026-07-24T13:08:04.000Z,32.64342986047268,-16.922243842855096,98.0,19.387754,52.3,1.9499999,23,gps,0.6,1.0,1.2,38.9,,,,72,,1784898484000,2026-07-24T14:08:04.000+01:00,3718.5620862088967,1784896547575,Default Profile,false
2026-07-24T13:08:10.000Z,32.64347822405398,-16.922148456797004,98.0,13.265306,50.4,1.6999999,23,gps,0.8,1.0,1.4,38.9,,,,72,,1784898490000,2026-07-24T14:08:10.000+01:00,3728.9872923610487,1784896547575,Default Profile,false
2026-07-24T13:08:16.000Z,32.64351707417518,-16.92205734550953,99.0,23.469387,47.9,1.0799999,23,gps,1.0,1.0,1.4,38.9,,,,72,,1784898496000,2026-07-24T14:08:16.000+01:00,3738.5495609214117,1784896547575,Default Profile,false
2026-07-24T13:08:22.000Z,32.6435411721468,-16.92197285592556,99.0,17.34694,76.3,1.4499999,23,gps,0.8,1.2,1.6,38.9,,,,72,,1784898502000,2026-07-24T14:08:22.000+01:00,3746.9018910370114,1784896547575,Default Profile,false
2026-07-24T13:08:28.000Z,32.64355579856783,-16.921829106286168,98.0,15.816326,61.0,2.34,23,gps,1.0,1.6,1.8,38.9,,,,72,,1784898508000,2026-07-24T14:08:28.000+01:00,3760.459201942637,1784896547575,Default Profile,false
2026-07-24T13:08:34.000Z,32.64356309082359,-16.921723410487175,97.0,6.632653,74.9,1.86,23,gps,0.6,1.0,1.2,38.9,,,,72,,1784898514000,2026-07-24T14:08:34.000+01:00,3770.3887539236616,1784896547575,Default Profile,false
2026-07-24T13:08:40.000Z,32.643606550991535,-16.921594077721238,97.0,4.591837,56.3,1.81,23,gps,0.6,0.8,1.0,38.9,,,,72,,1784898520000,2026-07-24T14:08:40.000+01:00,3783.426942823743,1784896547575,Default Profile,false
2026-07-24T13:08:46.000Z,32.6436418807134,-16.921495674178004,97.0,11.734694,70.2,1.75,21,gps,0.6,1.0,1.4,38.9,,,,72,,1784898526000,2026-07-24T14:08:46.000+01:00,3793.443102596563,1784896547575,Default Profile,false
2026-07-24T13:08:52.000Z,32.64366191346198,-16.921390732750297,97.0,12.244898,66.8,1.28,21,gps,0.8,1.0,1.4,38.9,,,,72,,1784898532000,2026-07-24T14:08:52.000+01:00,3803.5181816273794,1784896547575,Default Profile,false
2026-07-24T13:08:58.000Z,32.64370889402926,-16.921296268701553,97.0,14.795918,47.6,1.1999999,15,gps,0.8,1.4,1.8,38.9,,,,72,,1784898538000,2026-07-24T14:08:58.000+01:00,3813.7904533986048,1784896547575,Default Profile,false
2026-07-24T13:09:11.000Z,32.64377209357917,-16.921222507953644,113.0,39.795918,44.7,1.26,10,gps,1.0,1.4,1.8,38.9,,,,72,,1784898551000,2026-07-24T14:09:11.000+01:00,3823.643466447287,1784896547575,Default Profile,false
2026-07-24T13:09:37.000Z,32.6438562059775,-16.920702075585723,98.0,38.77551,65.5,1.18,14,gps,1.4,1.6,2.0,38.9,,,,72,,1784898577000,2026-07-24T14:09:37.000+01:00,3873.261329383363,1784896547575,Default Profile,false
2026-07-24T13:09:45.000Z,32.64383973553777,-16.920532174408436,83.0,18.87755,22.0,1.2099999,12,gps,,,,38.9,,,,72,,1784898585000,2026-07-24T14:09:45.000+01:00,3889.274347546038,1784896547575,Default Profile,false
2026-07-24T13:09:53.000Z,32.643928080797195,-16.920406613498926,131.0,23.469387,79.5,1.12,12,gps,,,,38.9,,,,72,,1784898593000,2026-07-24T14:09:53.000+01:00,3904.594706567155,1784896547575,Default Profile,false
2026-07-24T13:10:14.000Z,32.644181633368134,-16.920181643217802,116.0,38.265305,51.7,1.31,17,gps,1.0,1.6,2.0,38.9,,,,72,,1784898614000,2026-07-24T14:10:14.000+01:00,3939.788200727077,1784896547575,Default Profile,false
2026-07-24T13:10:34.000Z,32.64422253705561,-16.919723320752382,115.0,36.734695,50.2,1.0,8,gps,1.4,2.4,2.8,38.9,,,,72,,1784898634000,2026-07-24T14:10:34.000+01:00,3982.941379384573,1784896547575,Default Profile,false
2026-07-24T13:10:42.000Z,32.644195379689336,-16.91964654251933,94.0,19.387754,60.7,0.64,14,gps,,,,38.9,,,,72,,1784898642000,2026-07-24T14:10:42.000+01:00,3990.738636940672,1784896547575,Default Profile,false
2026-07-24T13:10:50.000Z,32.64433020260185,-16.919464990496635,130.0,18.367348,32.6,0.83,8,gps,0.8,1.4,1.6,38.9,,,,72,,1784898650000,2026-07-24T14:10:50.000+01:00,4013.4037177659857,1784896547575,Default Profile,false
2026-07-24T13:11:03.000Z,32.64443594031036,-16.919116219505668,101.0,25.0,38.1,0.69,9,gps,1.2,2.0,2.4,38.9,,,,72,,1784898663000,2026-07-24T14:11:03.000+01:00,4048.111291000134,1784896547575,Default Profile,false
2026-07-24T13:11:09.000Z,32.64461388811469,-16.919036339968443,118.0,15.816326,86.2,0.96999997,31,gps,0.4,0.6,0.8,38.9,,,,72,,1784898669000,2026-07-24T14:11:09.000+01:00,4069.2644989825562,1784896547575,Default Profile,false
2026-07-24T13:11:15.000Z,32.64459536410868,-16.918928464874625,113.0,12.755102,123.1,1.24,11,gps,0.8,1.2,1.4,38.9,,,,72,,1784898675000,2026-07-24T14:11:15.000+01:00,4079.5727060863046,1784896547575,Default Profile,false
2026-07-24T13:11:21.000Z,32.6446184143424,-16.91883928142488,123.0,16.836735,56.7,1.2099999,9,gps,1.0,1.6,1.8,38.9,,,,72,,1784898681000,2026-07-24T14:11:21.000+01:00,4088.3074404822232,1784896547575,Default Profile,false
2026-07-24T13:11:27.000Z,32.64465106185526,-16.918750097975135,131.0,14.795918,56.2,1.62,10,gps,0.8,1.2,1.6,39.0,,,,72,,1784898687000,2026-07-24T14:11:27.000+01:00,4097.41265025808,1784896547575,Default Profile,false
2026-07-24T13:11:33.000Z,32.64463534578681,-16.918648006394506,130.0,17.857143,85.2,1.28,10,gps,0.8,1.2,1.4,38.9,,,,72,,1784898693000,2026-07-24T14:11:33.000+01:00,4107.129887768874,1784896547575,Default Profile,false
2026-07-24T13:11:39.000Z,32.644657851196826,-16.91846888512373,125.0,19.387754,78.8,1.7099999,9,gps,0.8,1.2,1.6,38.9,,,,72,,1784898699000,2026-07-24T14:11:39.000+01:00,4124.086638332092,1784896547575,Default Profile,false
2026-07-24T13:11:45.000Z,32.644605464302,-16.91838833503425,120.0,31.12245,143.6,0.78999996,9,gps,0.8,1.2,1.6,38.9,,,,72,,1784898705000,2026-07-24T14:11:45.000+01:00,4133.616195667746,1784896547575,Default Profile,false
2026-07-24T13:11:51.000Z,32.64459469355643,-16.91830527037382,117.0,27.55102,90.4,1.17,25,gps,0.4,0.8,1.0,38.9,,,,72,,1784898711000,2026-07-24T14:11:51.000+01:00,4141.485195358458,1784896547575,Default Profile,false
2026-07-24T13:11:57.000Z,32.64464900828898,-16.91819773055613,115.0,22.44898,66.7,1.1999999,20,gps,0.8,1.0,1.4,38.9,,,,72,,1784898717000,2026-07-24T14:11:57.000+01:00,4153.226537042758,1784896547575,Default Profile,false
2026-07-24T13:12:03.000Z,32.644683667458594,-16.91812447272241,114.0,22.44898,76.6,0.78,23,gps,0.6,1.0,1.2,38.9,,,,72,,1784898723000,2026-07-24T14:12:03.000+01:00,4161.094199074242,1784896547575,Default Profile,false
2026-07-24T13:12:09.000Z,32.64469259418547,-16.918049287050962,113.0,12.244898,80.2,1.61,22,gps,0.6,0.8,1.0,39.0,,,,72,,1784898729000,2026-07-24T14:12:09.000+01:00,4168.203445168127,1784896547575,Default Profile,false
2026-07-24T13:12:15.000Z,32.64472276903689,-16.917953733354807,113.0,13.77551,95.6,0.95,22,gps,0.6,1.0,1.0,38.9,,,,72,,1784898735000,2026-07-24T14:12:15.000+01:00,4177.7585849380575,1784896547575,Default Profile,false
2026-07-24T13:12:21.000Z,32.644806168973446,-16.91784099675715,112.0,15.816326,61.4,1.7099999,22,gps,2.2,1.8,2.8,38.9,,,,72,,1784898741000,2026-07-24T14:12:21.000+01:00,4191.8091645810955,1784896547575,Default Profile,false
2026-07-24T13:12:27.000Z,32.64489199966192,-16.917718620970845,112.0,21.428572,43.9,2.09,13,gps,1.8,1.6,2.4,38.9,,,,72,,1784898747000,2026-07-24T14:12:27.000+01:00,4206.721312390511,1784896547575,Default Profile,false
2026-07-24T13:12:33.000Z,32.64491924084723,-16.91754343919456,111.0,18.87755,87.1,1.9,22,gps,0.6,0.8,1.0,38.9,,,,72,,1784898753000,2026-07-24T14:12:33.000+01:00,4223.400839608719,1784896547575,Default Profile,false
2026-07-24T13:12:39.000Z,32.644944093190134,-16.917425924912095,109.0,22.44898,78.7,2.11,20,gps,0.6,1.0,1.2,38.9,,,,72,,1784898759000,2026-07-24T14:12:39.000+01:00,4234.745361042597,1784896547575,Default Profile,false
2026-07-24T13:12:45.000Z,32.64497384894639,-16.917293407022953,108.0,22.44898,74.4,1.8499999,16,gps,0.8,1.2,1.4,38.9,,,,72,,1784898765000,2026-07-24T14:12:45.000+01:00,4247.586514030136,1784896547575,Default Profile,false
2026-07-24T13:12:51.000Z,32.6449915766716,-16.91722434014082,106.0,21.938776,79.7,1.31,21,gps,0.6,1.0,1.2,38.9,,,,72,,1784898771000,2026-07-24T14:12:51.000+01:00,4254.3469742107545,1784896547575,Default Profile,false
2026-07-24T13:12:57.000Z,32.6450106035918,-16.91710213199258,106.0,21.428572,88.4,1.16,21,gps,0.6,1.0,1.2,39.0,,,,72,,1784898777000,2026-07-24T14:12:57.000+01:00,4265.983198072999,1784896547575,Default Profile,false
2026-07-24T13:13:03.000Z,32.64501860830933,-16.916984198614955,104.0,14.795918,87.5,1.9,18,gps,0.8,1.2,1.4,39.0,,,,72,,1784898783000,2026-07-24T14:13:03.000+01:00,4277.06103813908,1784896547575,Default Profile,false
2026-07-24T13:13:09.000Z,32.64503512065858,-16.91686131991446,102.0,13.77551,83.2,1.9,23,gps,0.6,1.0,1.2,39.0,,,,72,,1784898789000,2026-07-24T14:13:09.000+01:00,4288.711677198692,1784896547575,Default Profile,false
2026-07-24T13:13:15.000Z,32.64512380119413,-16.916802478954196,102.0,12.755102,9.1,1.35,23,gps,0.6,0.8,1.2,39.0,,,,72,,1784898795000,2026-07-24T14:13:15.000+01:00,4300.007143738435,1784896547575,Default Profile,false
2026-07-24T13:13:21.000Z,32.64515879563987,-16.916690999642015,100.0,14.285714,77.1,1.8399999,24,gps,0.6,0.8,1.0,38.9,,,,72,,1784898801000,2026-07-24T14:13:21.000+01:00,4311.146598727014,1784896547575,Default Profile,false
2026-07-24T13:13:27.000Z,32.64519563410431,-16.91656518727541,99.0,13.265306,77.9,2.35,21,gps,0.6,1.0,1.2,38.9,,,,72,,1784898807000,2026-07-24T14:13:27.000+01:00,4323.618196977119,1784896547575,Default Profile,false
2026-07-24T13:13:33.000Z,32.645221701823175,-16.91647181287408,99.0,16.836735,82.7,1.5799999,21,gps,0.6,1.0,1.2,39.0,,,,72,,1784898813000,2026-07-24T14:13:33.000+01:00,4332.828750732208,1784896547575,Default Profile,false
2026-07-24T13:13:39.000Z,32.645252547226846,-16.916336612775922,100.0,15.816326,79.9,1.1999999,19,gps,0.8,1.2,1.4,38.9,,,,72,,1784898819000,2026-07-24T14:13:39.000+01:00,4345.943843584885,1784896547575,Default Profile,false
2026-07-24T13:13:45.000Z,32.645304473116994,-16.91624809987843,99.0,15.306123,75.8,1.77,20,gps,0.6,1.0,1.2,38.9,,,,72,,1784898825000,2026-07-24T14:13:45.000+01:00,4356.04426569712,1784896547575,Default Profile,false
2026-07-24T13:13:51.000Z,32.645324296317995,-16.916150199249387,98.0,17.34694,85.7,1.5699999,15,gps,0.8,1.2,1.6,38.9,,,,72,,1784898831000,2026-07-24T14:13:51.000+01:00,4365.471909289107,1784896547575,Default Profile,false
2026-07-24T13:13:57.000Z,32.64538049697876,-16.916075432673097,98.0,21.938776,41.2,0.96,15,gps,0.6,1.0,1.4,38.9,,,,71,,1784898837000,2026-07-24T14:13:57.000+01:00,4374.855795140125,1784896547575,Default Profile,false
2026-07-24T13:14:03.000Z,32.64540589414537,-16.915948363021016,96.0,22.959183,87.2,1.87,15,gps,0.6,1.0,1.2,39.0,,,,71,,1784898843000,2026-07-24T14:14:03.000+01:00,4387.083764339771,1784896547575,Default Profile,false
2026-07-24T13:14:09.000Z,32.645441642962396,-16.915837889537215,96.0,23.469387,78.6,1.8299999,16,gps,0.6,1.2,1.4,38.9,,,,71,,1784898849000,2026-07-24T14:14:09.000+01:00,4398.164808980794,1784896547575,Default Profile,false
2026-07-24T13:14:15.000Z,32.645473033189774,-16.915729427710176,95.0,19.897959,64.6,1.03,18,gps,0.6,1.0,1.2,39.0,,,,71,,1784898855000,2026-07-24T14:14:15.000+01:00,4408.903075875846,1784896547575,Default Profile,false
2026-07-24T13:14:21.000Z,32.64553065877408,-16.9156055431813,95.0,18.87755,69.5,1.9399999,17,gps,0.8,1.2,1.4,38.9,,,,71,,1784898861000,2026-07-24T14:14:21.000+01:00,4422.154447542235,1784896547575,Default Profile,false
2026-07-24T13:14:27.000Z,32.64558354858309,-16.915514348074794,95.0,19.897959,67.4,1.79,22,gps,0.6,1.0,1.2,39.0,,,,71,,1784898867000,2026-07-24T14:14:27.000+01:00,4432.522321871151,1784896547575,Default Profile,false
2026-07-24T13:14:33.000Z,32.645624075084925,-16.915413681417704,94.0,18.367348,73.1,1.3199999,21,gps,0.6,1.0,1.2,38.9,,,,71,,1784898873000,2026-07-24T14:14:33.000+01:00,4442.969484544896,1784896547575,Default Profile,false
2026-07-24T13:14:39.000Z,32.645659069530666,-16.91530706360936,93.0,16.836735,72.4,2.04,17,gps,0.6,1.0,1.4,39.0,,,,71,,1784898879000,2026-07-24T14:14:39.000+01:00,4453.683562884792,1784896547575,Default Profile,false
2026-07-24T13:14:45.000Z,32.64568773563951,-16.91517940722406,93.0,21.428572,79.9,1.81,18,gps,0.6,1.2,1.4,38.9,,,,71,,1784898885000,2026-07-24T14:14:45.000+01:00,4466.053593880136,1784896547575,Default Profile,false
2026-07-24T13:14:51.000Z,32.64569892548025,-16.915106819942594,93.0,18.87755,77.8,1.0,18,gps,0.6,1.0,1.2,38.9,,,,71,,1784898891000,2026-07-24T14:14:51.000+01:00,4472.9628011867,1784896547575,Default Profile,false
2026-07-24T13:14:57.000Z,32.645736266858876,-16.91500690765679,91.0,11.734694,75.7,1.55,22,gps,0.6,1.0,1.2,39.0,,,,71,,1784898897000,2026-07-24T14:14:57.000+01:00,4483.197543997558,1784896547575,Default Profile,false
2026-07-24T13:15:03.000Z,32.645796071738005,-16.914892997592688,91.0,16.836735,67.2,1.78,23,gps,0.6,1.0,1.2,39.0,,,,71,,1784898903000,2026-07-24T14:15:03.000+01:00,4495.766144012337,1784896547575,Default Profile,false
2026-07-24T13:15:09.000Z,32.64585432596505,-16.914800629019737,89.0,14.285714,59.1,1.5899999,23,gps,0.6,1.0,1.2,38.9,,,,71,,1784898909000,2026-07-24T14:15:09.000+01:00,4506.571354772268,1784896547575,Default Profile,false
2026-07-24T13:15:15.000Z,32.6458724308759,-16.914702309295535,88.0,16.32653,91.9,1.5699999,21,gps,0.6,1.2,1.4,39.0,,,,71,,1784898915000,2026-07-24T14:15:15.000+01:00,4515.994439562124,1784896547575,Default Profile,false
2026-07-24T13:15:21.000Z,32.64590222854167,-16.914618154987693,87.0,17.34694,47.1,0.98999995,20,gps,0.6,1.0,1.2,38.9,,,,71,,1784898921000,2026-07-24T14:15:21.000+01:00,4524.5419906155275,1784896547575,Default Profile,false
2026-07-24T13:15:27.000Z,32.645932361483574,-16.91453207284212,86.0,18.367348,76.6,0.77,20,gps,0.8,1.2,1.4,38.9,,,,71,,1784898927000,2026-07-24T14:15:27.000+01:00,4533.27045073097,1784896547575,Default Profile,false
2026-07-24T13:15:33.000Z,32.64596488326788,-16.914437944069505,84.0,14.795918,90.8,1.41,22,gps,0.6,1.0,1.2,38.9,,,,71,,1784898933000,2026-07-24T14:15:33.000+01:00,4542.796648566115,1784896547575,Default Profile,false
2026-07-24T13:15:39.000Z,32.646002476103604,-16.91433258354664,84.0,15.306123,47.0,1.8399999,19,gps,0.8,1.4,1.6,38.9,,,,71,,1784898939000,2026-07-24T14:15:39.000+01:00,4553.510489403574,1784896547575,Default Profile,false
2026-07-24T13:15:45.000Z,32.64607921242714,-16.914261002093554,82.0,12.244898,49.0,1.37,20,gps,0.6,1.0,1.2,38.9,,,,71,,1784898945000,2026-07-24T14:15:45.000+01:00,4564.360569163314,1784896547575,Default Profile,false
2026-07-24T13:15:51.000Z,32.64611156657338,-16.91417676396668,80.0,14.795918,79.7,1.5699999,17,gps,0.8,1.4,1.6,38.9,,,,71,,1784898951000,2026-07-24T14:15:51.000+01:00,4573.029400419249,1784896547575,Default Profile,false
2026-07-24T13:15:57.000Z,32.64614446554333,-16.914085065945983,80.0,21.938776,58.4,1.5799999,22,gps,0.6,1.0,1.2,38.9,,,,71,,1784898957000,2026-07-24T14:15:57.000+01:00,4582.361792109758,1784896547575,Default Profile,false
2026-07-24T13:16:03.000Z,32.64617501758039,-16.91402530297637,79.0,20.918367,53.6,0.69,22,gps,0.6,1.0,1.2,39.0,,,,71,,1784898963000,2026-07-24T14:16:03.000+01:00,4588.907840705157,1784896547575,Default Profile,false
2026-07-24T13:16:09.000Z,32.6461961818859,-16.913959924131632,79.0,22.959183,76.6,0.90999997,21,gps,0.6,1.0,1.2,38.9,,,,71,,1784898969000,2026-07-24T14:16:09.000+01:00,4595.46593529542,1784896547575,Default Profile,false
2026-07-24T13:16:15.000Z,32.646241025067866,-16.913859341293573,78.0,18.367348,66.5,1.63,20,gps,0.6,1.4,1.6,38.9,,,,71,,1784898975000,2026-07-24T14:16:15.000+01:00,4606.121944424105,1784896547575,Default Profile,false
2026-07-24T13:16:21.000Z,32.64625066425651,-16.91375414840877,76.0,10.714286,97.3,0.94,21,gps,0.6,1.0,1.2,38.9,,,,71,,1784898981000,2026-07-24T14:16:21.000+01:00,4616.029098634566,1784896547575,Default Profile,false
2026-07-24T13:16:27.000Z,32.64628469478339,-16.913666557520628,76.0,13.265306,65.5,1.68,22,gps,0.6,1.0,1.2,38.9,,,,71,,1784898987000,2026-07-24T14:16:27.000+01:00,4625.06096425847,1784896547575,Default Profile,false
2026-07-24T13:16:33.000Z,32.64633113052696,-16.913574691861868,76.0,12.244898,57.8,1.36,21,gps,0.6,1.0,1.4,38.9,,,,71,,1784898993000,2026-07-24T14:16:33.000+01:00,4635.092986688839,1784896547575,Default Profile,false
2026-07-24T13:16:39.000Z,32.646361221559346,-16.91349615342915,75.0,13.77551,76.5,1.01,18,gps,0.8,1.4,1.6,38.9,,,,71,,1784898999000,2026-07-24T14:16:39.000+01:00,4643.171841044488,1784896547575,Default Profile,false
2026-07-24T13:16:45.000Z,32.64639680273831,-16.91342725418508,75.0,16.32653,57.5,0.95,18,gps,0.8,1.2,1.4,38.9,,,,71,,1784899005000,2026-07-24T14:16:45.000+01:00,4650.739368917473,1784896547575,Default Profile,false
2026-07-24T13:16:51.000Z,32.64642844442278,-16.913354247808456,74.0,14.285714,68.1,0.90999997,21,gps,0.6,1.0,1.2,38.9,,,,71,,1784899011000,2026-07-24T14:16:51.000+01:00,4658.42716631417,1784896547575,Default Profile,false
2026-07-24T13:16:57.000Z,32.646436616778374,-16.91324888728559,74.0,14.795918,120.7,0.65,21,gps,0.6,1.2,1.4,39.0,,,,71,,1784899017000,2026-07-24T14:16:57.000+01:00,4668.3336127115535,1784896547575,Default Profile,false
2026-07-24T13:17:03.000Z,32.64642270281911,-16.913181580603123,73.0,17.34694,138.2,1.27,18,gps,0.6,1.0,1.2,39.0,,,,71,,1784899023000,2026-07-24T14:17:03.000+01:00,4674.822537439132,1784896547575,Default Profile,false
2026-07-24T13:17:09.000Z,32.64640447217971,-16.913094073534012,71.0,12.755102,130.7,1.4699999,21,gps,0.6,1.2,1.4,39.0,,,,71,,1784899029000,2026-07-24T14:17:09.000+01:00,4683.262694652672,1784896547575,Default Profile,false
2026-07-24T13:17:15.000Z,32.6463378360495,-16.91307538188994,71.0,10.714286,188.5,1.3299999,23,gps,0.6,1.0,1.2,38.9,,,,71,,1784899035000,2026-07-24T14:17:15.000+01:00,4690.8761613588185,1784896547575,Default Profile,false
2026-07-24T13:17:21.000Z,32.646267344243824,-16.913075130432844,70.0,12.244898,171.9,1.3399999,22,gps,0.6,1.0,1.2,38.9,,,,71,,1784899041000,2026-07-24T14:17:21.000+01:00,4698.714527877378,1784896547575,Default Profile,false
2026-07-24T13:17:27.000Z,32.64628540724516,-16.912976810708642,71.0,11.734694,49.2,1.53,23,gps,0.6,1.0,1.2,38.9,,,,71,,1784899047000,2026-07-24T14:17:27.000+01:00,4708.136576631061,1784896547575,Default Profile,false
2026-07-24T13:17:33.000Z,32.64633226208389,-16.91289567388594,71.0,8.163265,52.3,1.36,21,gps,0.6,1.2,1.4,38.9,,,,71,,1784899053000,2026-07-24T14:17:33.000+01:00,4717.348189535062,1784896547575,Default Profile,false
2026-07-24T13:17:39.000Z,32.646416374482214,-16.912839598953724,70.0,12.244898,26.1,1.41,21,gps,0.6,1.2,1.4,38.9,,,,71,,1784899059000,2026-07-24T14:17:39.000+01:00,4728.073887274449,1784896547575,Default Profile,false
2026-07-24T13:17:45.000Z,32.646476766094565,-16.91280716098845,69.0,13.77551,25.8,0.81,18,gps,0.8,1.2,1.6,38.9,,,,71,,1784899065000,2026-07-24T14:17:45.000+01:00,4735.443990105322,1784896547575,Default Profile,false
2026-07-24T13:17:51.000Z,32.646523914299905,-16.91272946074605,70.0,11.734694,72.4,0.82,15,gps,1.0,1.8,2.0,38.9,,,,71,,1784899071000,2026-07-24T14:17:51.000+01:00,4744.411123175585,1784896547575,Default Profile,false
2026-07-24T13:17:57.000Z,32.64660144690424,-16.912718815729022,69.0,16.836735,352.5,1.0,15,gps,1.4,2.2,2.6,38.9,,,,71,,1784899077000,2026-07-24T14:17:57.000+01:00,4753.0897747925965,1784896547575,Default Profile,false
2026-07-24T13:18:03.000Z,32.646649768576026,-16.912663327530026,69.0,22.959183,19.5,0.96999997,14,gps,0.8,1.4,1.8,38.9,,,,71,,1784899083000,2026-07-24T14:18:03.000+01:00,4760.563788489575,1784896547575,Default Profile,false
2026-07-24T13:18:09.000Z,32.64666368253529,-16.91258043050766,69.0,21.938776,89.4,1.52,14,gps,1.0,1.6,2.0,38.9,,,,71,,1784899089000,2026-07-24T14:18:09.000+01:00,4768.477941995233,1784896547575,Default Profile,false
2026-07-24T13:18:15.000Z,32.646690965630114,-16.912496779114008,69.0,35.714287,76.8,0.96,14,gps,1.2,1.6,2.0,38.9,,,,71,,1784899095000,2026-07-24T14:18:15.000+01:00,4776.877051945442,1784896547575,Default Profile,false
2026-07-24T13:18:21.000Z,32.64670240692794,-16.91241228953004,68.0,35.714287,87.2,1.23,13,gps,1.8,1.6,2.4,39.0,,,,71,,1784899101000,2026-07-24T14:18:21.000+01:00,4784.889255616055,1784896547575,Default Profile,false
2026-07-24T13:18:27.000Z,32.646739203482866,-16.912320842966437,67.0,34.183674,71.0,1.3399999,15,gps,0.8,1.6,1.8,38.9,,,,71,,1784899107000,2026-07-24T14:18:27.000+01:00,4794.378594125695,1784896547575,Default Profile,false
2026-07-24T13:18:33.000Z,32.64679498504847,-16.912268036976457,66.0,39.285713,4.3,0.72999996,15,gps,1.6,1.6,2.2,39.0,,,,71,,1784899113000,2026-07-24T14:18:33.000+01:00,4802.310594980762,1784896547575,Default Profile,false
2026-07-24T13:18:39.000Z,32.646819041110575,-16.912191342562437,66.0,34.69388,63.3,1.3199999,14,gps,1.6,1.4,2.2,38.9,,,,71,,1784899119000,2026-07-24T14:18:39.000+01:00,4809.973339424281,1784896547575,Default Profile,false
2026-07-24T13:18:45.000Z,32.64684204943478,-16.912131747230887,67.0,39.285713,89.2,1.06,15,gps,0.8,1.4,1.8,38.9,,,,71,,1784899125000,2026-07-24T14:18:45.000+01:00,4816.111674374376,1784896547575,Default Profile,false
2026-07-24T13:18:53.000Z,32.64695394784212,-16.912055471912026,66.0,36.22449,41.9,1.9399999,14,gps,0.8,1.6,1.8,39.0,,,,71,,1784899133000,2026-07-24T14:18:53.000+01:00,4830.458001127762,1784896547575,Default Profile,false
2026-07-24T13:18:59.000Z,32.64696266502142,-16.91195212304592,66.0,29.081633,79.2,1.05,19,gps,0.8,1.2,1.4,38.9,,,,71,,1784899139000,2026-07-24T14:18:59.000+01:00,4840.182704749254,1784896547575,Default Profile,false
2026-07-24T13:19:05.000Z,32.64702326618135,-16.911840979009867,66.0,15.306123,51.7,1.27,20,gps,0.6,1.0,1.2,39.0,,,,71,,1784899145000,2026-07-24T14:19:05.000+01:00,4852.58008800109,1784896547575,Default Profile,false
2026-07-24T13:19:11.000Z,32.64705323148519,-16.911790687590837,66.0,14.795918,73.4,1.62,16,gps,1.2,1.4,1.8,39.0,,,,71,,1784899151000,2026-07-24T14:19:11.000+01:00,4858.348406602715,1784896547575,Default Profile,false
2026-07-24T13:19:17.000Z,32.64710159506649,-16.911694463342428,66.0,23.469387,45.8,0.85999995,16,gps,0.8,1.4,1.6,38.9,,,,71,,1784899157000,2026-07-24T14:19:17.000+01:00,4868.840610352776,1784896547575,Default Profile,false
2026-07-24T13:19:23.000Z,32.64712917152792,-16.91158952191472,66.0,23.979591,80.1,1.92,13,gps,1.2,1.6,2.0,39.0,,,,71,,1784899163000,2026-07-24T14:19:23.000+01:00,4879.1333449362955,1784896547575,Default Profile,false
2026-07-24T13:19:29.000Z,32.6471719192341,-16.91150553524494,67.0,33.163265,53.7,1.22,12,gps,1.8,1.8,2.4,38.9,,,,70,,1784899169000,2026-07-24T14:19:29.000+01:00,4888.321795990142,1784896547575,Default Profile,false
2026-07-24T13:19:35.000Z,32.64720041770488,-16.911406377330422,67.0,18.367348,87.7,0.94,19,gps,0.6,1.2,1.4,38.9,,,,70,,1784899175000,2026-07-24T14:19:35.000+01:00,4898.131585518152,1784896547575,Default Profile,false
2026-07-24T13:19:41.000Z,32.647251170128584,-16.911330185830593,66.0,27.55102,73.0,1.11,14,gps,1.0,2.2,2.4,38.9,,,,70,,1784899181000,2026-07-24T14:19:41.000+01:00,4907.227524627819,1784896547575,Default Profile,false
2026-07-24T13:19:47.000Z,32.64729018788785,-16.911213593557477,67.0,35.204082,71.3,1.55,16,gps,1.0,1.6,2.0,38.9,,,,70,,1784899187000,2026-07-24T14:19:47.000+01:00,4918.9742804998405,1784896547575,Default Profile,false
2026-07-24T13:19:53.000Z,32.6473497832194,-16.91107738763094,66.0,30.612246,70.9,1.29,16,gps,1.4,3.2,3.6,38.9,,,,70,,1784899193000,2026-07-24T14:19:53.000+01:00,4933.345795883047,1784896547575,Default Profile,false
2026-07-24T13:19:59.000Z,32.64740015845746,-16.910977894440293,67.0,32.65306,53.5,1.23,11,gps,1.6,2.8,3.4,38.9,,,,70,,1784899199000,2026-07-24T14:19:59.000+01:00,4944.215482604243,1784896547575,Default Profile,false
2026-07-24T13:20:05.000Z,32.64744290616363,-16.910864654928446,67.0,30.612246,58.3,2.26,11,gps,1.2,2.4,2.8,38.9,,,,70,,1784899205000,2026-07-24T14:20:05.000+01:00,4955.834516051401,1784896547575,Default Profile,false
2026-07-24T13:20:11.000Z,32.64750543516129,-16.910791229456663,68.0,28.061224,45.2,1.61,15,gps,0.8,1.6,1.8,38.9,,,,70,,1784899211000,2026-07-24T14:20:11.000+01:00,4965.612189371329,1784896547575,Default Profile,false
2026-07-24T13:20:17.000Z,32.64755128417164,-16.910698944702744,67.0,21.938776,59.9,0.89,17,gps,0.8,1.4,1.6,38.9,,,,70,,1784899217000,2026-07-24T14:20:17.000+01:00,4975.64446213258,1784896547575,Default Profile,false
2026-07-24T13:20:23.000Z,32.64758682344109,-16.910566175356507,67.0,17.34694,62.8,1.9499999,17,gps,0.8,1.4,1.6,38.9,,,,70,,1784899223000,2026-07-24T14:20:23.000+01:00,4988.688241454463,1784896547575,Default Profile,false
2026-07-24T13:20:29.000Z,32.647637743502855,-16.91045142710209,66.0,18.367348,68.2,1.5,17,gps,0.6,1.0,1.2,38.9,,,,70,,1784899229000,2026-07-24T14:20:29.000+01:00,5000.832434884127,1784896547575,Default Profile,false
2026-07-24T13:20:35.000Z,32.64768141321838,-16.910365344956517,66.0,16.32653,73.1,1.4,16,gps,0.8,1.6,1.8,38.9,,,,70,,1784899235000,2026-07-24T14:20:35.000+01:00,5010.241794528148,1784896547575,Default Profile,false
2026-07-24T13:20:41.000Z,32.64773149508983,-16.91028001718223,66.0,17.34694,61.6,1.6899999,17,gps,0.8,1.0,1.2,38.9,,,,70,,1784899241000,2026-07-24T14:20:41.000+01:00,5019.980135826463,1784896547575,Default Profile,false
2026-07-24T13:20:47.000Z,32.64776355586946,-16.910170214250684,66.0,15.306123,94.6,1.5699999,23,gps,0.6,0.8,1.0,38.9,,,,70,,1784899247000,2026-07-24T14:20:47.000+01:00,5030.861178240404,1784896547575,Default Profile,false
2026-07-24T13:20:53.000Z,32.64778740238398,-16.910077007487416,65.0,14.795918,76.5,1.7199999,16,gps,1.0,1.6,2.0,39.0,,,,70,,1784899253000,2026-07-24T14:20:53.000+01:00,5039.981754119281,1784896547575,Default Profile,false
2026-07-24T13:20:59.000Z,32.64783354476094,-16.909968378022313,64.0,16.32653,77.5,1.6899999,16,gps,0.8,1.2,1.4,38.9,,,,70,,1784899259000,2026-07-24T14:20:59.000+01:00,5051.373238884028,1784896547575,Default Profile,false
2026-07-24T13:21:05.000Z,32.64790298882872,-16.909928396344185,63.0,16.836735,9.1,1.13,21,gps,0.6,1.0,1.2,38.9,,,,70,,1784899265000,2026-07-24T14:21:05.000+01:00,5059.954568116746,1784896547575,Default Profile,false
2026-07-24T13:21:11.000Z,32.64797897078097,-16.909901993349195,64.0,13.77551,35.5,0.71,18,gps,0.6,0.8,1.2,38.9,,,,70,,1784899271000,2026-07-24T14:21:11.000+01:00,5068.7575905075655,1784896547575,Default Profile,false
2026-07-24T13:21:17.000Z,32.6480628317222,-16.90985388122499,64.0,16.836735,8.7,1.41,14,gps,1.4,1.8,2.4,38.9,,,,70,,1784899277000,2026-07-24T14:21:17.000+01:00,5079.113505881495,1784896547575,Default Profile,false
2026-07-24T13:21:23.000Z,32.648139777593315,-16.90989537164569,64.0,23.469387,326.3,1.5699999,13,gps,0.8,1.6,1.8,38.9,,,,70,,1784899283000,2026-07-24T14:21:23.000+01:00,5088.510047021027,1784896547575,Default Profile,false
2026-07-24T13:21:29.000Z,32.64820549171418,-16.909904088824987,64.0,27.040817,347.1,1.11,13,gps,0.8,1.4,1.6,38.9,,,,70,,1784899289000,2026-07-24T14:21:29.000+01:00,5095.862562297001,1784896547575,Default Profile,false
2026-07-24T13:21:35.000Z,32.64826864935458,-16.90993149764836,65.0,18.367348,4.0,1.0799999,13,gps,0.8,1.4,1.8,38.9,,,,70,,1784899295000,2026-07-24T14:21:35.000+01:00,5103.339534661508,1784896547575,Default Profile,false
2026-07-24T13:21:41.000Z,32.64837514143437,-16.909931330010295,65.0,15.306123,320.2,0.84,17,gps,0.8,1.2,1.4,38.9,,,,70,,1784899301000,2026-07-24T14:21:41.000+01:00,5115.18092406418,1784896547575,Default Profile,false
2026-07-24T13:21:47.000Z,32.64847727492452,-16.909940131008625,65.0,12.755102,351.0,1.4,17,gps,0.6,1.2,1.4,38.9,,,,70,,1784899307000,2026-07-24T14:21:47.000+01:00,5126.567503906543,1784896547575,Default Profile,false
2026-07-24T13:21:53.000Z,32.64856432098895,-16.90997449681163,67.0,11.734694,337.7,1.1899999,17,gps,0.6,1.0,1.2,38.9,,,,70,,1784899313000,2026-07-24T14:21:53.000+01:00,5136.767359134588,1784896547575,Default Profile,false
2026-07-24T13:21:59.000Z,32.648625718429685,-16.910001151263714,66.0,13.77551,337.6,1.01,17,gps,1.0,1.8,2.2,39.0,,,,70,,1784899319000,2026-07-24T14:21:59.000+01:00,5144.036250965131,1784896547575,Default Profile,false
2026-07-24T13:22:05.000Z,32.6486878702417,-16.91000442020595,66.0,28.061224,18.9,0.34,17,gps,0.8,1.8,2.0,38.9,,,,70,,1784899325000,2026-07-24T14:22:05.000+01:00,5150.953990773089,1784896547575,Default Profile,false
2026-07-24T13:22:11.000Z,32.648758655413985,-16.9100278057158,66.0,29.591837,338.5,1.4699999,17,gps,0.8,1.4,1.6,38.9,,,,70,,1784899331000,2026-07-24T14:22:11.000+01:00,5159.123795186038,1784896547575,Default Profile,false
2026-07-24T13:22:17.000Z,32.64885919634253,-16.910013807937503,67.0,29.081633,12.0,1.1999999,17,gps,0.8,1.6,2.0,38.9,,,,70,,1784899337000,2026-07-24T14:22:17.000+01:00,5170.379989500453,1784896547575,Default Profile,false
2026-07-24T13:22:23.000Z,32.64892696402967,-16.909961169585586,67.0,27.55102,46.2,0.58,17,gps,1.0,1.8,2.0,39.0,,,,70,,1784899343000,2026-07-24T14:22:23.000+01:00,5179.383907848911,1784896547575,Default Profile,false
2026-07-24T13:22:33.000Z,32.64896480832249,-16.910095615312457,68.0,28.061224,248.8,3.1,14,gps,1.0,2.0,2.2,38.9,,,,70,,1784899353000,2026-07-24T14:22:33.000+01:00,5192.656190175293,1784896547575,Default Profile,false
2026-07-24T13:22:40.000Z,32.649060152471066,-16.910042306408286,68.0,26.020409,86.0,2.31,11,gps,1.0,2.8,3.0,38.9,,,,70,,1784899360000,2026-07-24T14:22:40.000+01:00,5204.374060286185,1784896547575,Default Profile,false
2026-07-24T13:22:47.000Z,32.64913232065737,-16.909882882609963,69.0,39.795918,87.2,2.1599998,8,gps,1.4,2.8,3.2,39.0,,,,70,,1784899367000,2026-07-24T14:22:47.000+01:00,5221.320557039681,1784896547575,Default Profile,false
2026-07-24T13:22:57.000Z,32.64919941779226,-16.909727482125163,70.0,34.183674,95.1,1.68,11,gps,1.2,2.8,3.0,39.0,,,,70,,1784899377000,2026-07-24T14:22:57.000+01:00,5237.671354591901,1784896547575,Default Profile,false
2026-07-24T13:23:06.000Z,32.649242877960205,-16.909634191542864,71.0,37.7551,70.3,1.48,11,gps,1.0,3.0,3.2,38.9,,,,70,,1784899386000,2026-07-24T14:23:06.000+01:00,5247.653436778164,1784896547575,Default Profile,false
2026-07-24T13:23:12.000Z,32.64930406585336,-16.909522209316492,69.0,34.69388,68.3,1.12,13,gps,0.8,1.4,1.6,38.9,,,,70,,1784899392000,2026-07-24T14:23:12.000+01:00,5260.15193586445,1784896547575,Default Profile,false
2026-07-24T13:23:18.000Z,32.64929895289242,-16.90941257402301,71.0,23.979591,78.3,0.34,13,gps,0.8,1.4,1.6,39.0,,,,70,,1784899398000,2026-07-24T14:23:18.000+01:00,5270.432256527823,1784896547575,Default Profile,false
2026-07-24T13:23:30.000Z,32.64935490209609,-16.909327749162912,72.0,39.795918,15.5,0.45999998,14,gps,0.6,1.6,1.8,39.0,,,,70,,1784899410000,2026-07-24T14:23:30.000+01:00,5280.520614474641,1784896547575,Default Profile,false
2026-07-24T13:23:36.000Z,32.64939832035452,-16.909222388640046,71.0,23.979591,67.7,1.05,14,gps,0.8,1.4,1.6,38.9,,,,70,,1784899416000,2026-07-24T14:23:36.000+01:00,5291.5030557015025,1784896547575,Default Profile,false
2026-07-24T13:23:42.000Z,32.649428620934486,-16.909158350899816,70.0,13.77551,307.6,1.41,14,gps,0.6,1.0,1.2,39.0,,,,70,,1784899422000,2026-07-24T14:23:42.000+01:00,5298.380424377905,1784896547575,Default Profile,false
2026-07-24T13:23:48.000Z,32.64950665645301,-16.909240409731865,68.0,12.244898,321.5,1.18,14,gps,0.8,1.0,1.4,38.9,,,,70,,1784899428000,2026-07-24T14:23:48.000+01:00,5309.969961005956,1784896547575,Default Profile,false
2026-07-24T13:23:54.000Z,32.64951135031879,-16.90929447300732,68.0,15.816326,248.2,0.96999997,14,gps,0.8,1.2,1.4,38.9,,,,70,,1784899434000,2026-07-24T14:23:54.000+01:00,5315.058453754816,1784896547575,Default Profile,false
2026-07-24T13:24:00.000Z,32.64954668004066,-16.909358678385615,68.0,27.55102,299.3,0.97999996,14,gps,1.0,1.2,1.6,39.0,,,,70,,1784899440000,2026-07-24T14:24:00.000+01:00,5322.239509970279,1784896547575,Default Profile,false
2026-07-24T13:24:06.000Z,32.649538340047,-16.90939597785473,69.0,20.408163,246.9,0.71999997,14,gps,0.8,1.4,1.6,38.9,,,,70,,1784899446000,2026-07-24T14:24:06.000+01:00,5325.852694367202,1784896547575,Default Profile,false
2026-07-24T13:24:12.000Z,32.64958632644266,-16.909458925947547,69.0,31.12245,302.0,1.05,14,gps,0.8,1.2,1.4,38.9,,,,70,,1784899452000,2026-07-24T14:24:12.000+01:00,5333.802816027347,1784896547575,Default Profile,false
2026-07-24T13:24:18.000Z,32.6496221171692,-16.909515000879765,69.0,32.142857,281.2,1.56,14,gps,1.0,1.4,1.6,38.9,,,,70,,1784899458000,2026-07-24T14:24:18.000+01:00,5340.390742473169,1784896547575,Default Profile,false
2026-07-24T13:24:24.000Z,32.64966540969908,-16.909609884023666,69.0,27.55102,291.5,1.17,14,gps,0.8,1.6,1.8,38.9,,,,70,,1784899464000,2026-07-24T14:24:24.000+01:00,5350.4946165835045,1784896547575,Default Profile,false
2026-07-24T13:24:30.000Z,32.64972270000726,-16.909704180434346,71.0,21.428572,304.4,1.23,14,gps,0.8,1.4,1.6,39.0,,,,70,,1784899470000,2026-07-24T14:24:30.000+01:00,5361.3814613924105,1784896547575,Default Profile,false
2026-07-24T13:24:36.000Z,32.64977097976953,-16.909776432439685,71.0,22.44898,296.6,1.8399999,14,gps,0.8,1.8,2.0,38.9,,,,70,,1784899476000,2026-07-24T14:24:36.000+01:00,5370.017406048139,1784896547575,Default Profile,false
2026-07-24T13:24:42.000Z,32.649806728586555,-16.90985639579594,72.0,20.918367,295.6,0.58,14,gps,0.8,1.4,1.6,38.9,,,,70,,1784899482000,2026-07-24T14:24:42.000+01:00,5378.49379934533,1784896547575,Default Profile,false
2026-07-24T13:24:48.000Z,32.6498665753752,-16.90990316681564,73.0,21.428572,297.3,1.12,14,gps,0.8,1.2,1.4,38.9,,,,70,,1784899488000,2026-07-24T14:24:48.000+01:00,5386.459932980258,1784896547575,Default Profile,false
2026-07-24T13:24:54.000Z,32.64987600501627,-16.909970557317138,73.0,19.387754,277.3,0.84,14,gps,0.6,1.2,1.4,38.9,,,,70,,1784899494000,2026-07-24T14:24:54.000+01:00,5392.85584994723,1784896547575,Default Profile,false
2026-07-24T13:25:00.000Z,32.64990115072578,-16.910065272822976,73.0,23.469387,286.5,1.4,14,gps,0.6,1.2,1.4,39.0,,,,70,,1784899500000,2026-07-24T14:25:00.000+01:00,5402.153889986957,1784896547575,Default Profile,false
2026-07-24T13:25:06.000Z,32.64994100667536,-16.91015931777656,73.0,19.897959,275.3,1.25,14,gps,0.6,1.2,1.4,38.9,,,,70,,1784899506000,2026-07-24T14:25:06.000+01:00,5412.011204109699,1784896547575,Default Profile,false
2026-07-24T13:25:12.000Z,32.65001095365733,-16.910230312496424,73.0,16.836735,305.0,1.61,14,gps,0.6,1.0,1.2,39.0,,,,70,,1784899512000,2026-07-24T14:25:12.000+01:00,5422.24221579908,1784896547575,Default Profile,false
2026-07-24T13:25:18.000Z,32.65003626700491,-16.910310443490744,74.0,22.959183,278.2,1.41,14,gps,0.6,1.0,1.2,39.0,,,,70,,1784899518000,2026-07-24T14:25:18.000+01:00,5430.25504949023,1784896547575,Default Profile,false
2026-07-24T13:25:24.000Z,32.65007268637419,-16.910393508151174,75.0,19.897959,291.6,0.98999995,14,gps,0.8,1.2,1.4,38.9,,,,70,,1784899524000,2026-07-24T14:25:24.000+01:00,5439.023120259413,1784896547575,Default Profile,false
2026-07-24T13:25:30.000Z,32.650100137107074,-16.91050917841494,75.0,18.367348,271.8,1.4499999,19,gps,0.6,1.2,1.4,39.0,,,,70,,1784899530000,2026-07-24T14:25:30.000+01:00,5450.274584607985,1784896547575,Default Profile,false
2026-07-24T13:25:36.000Z,32.65014007687569,-16.91058193333447,75.0,24.489796,313.8,1.29,19,gps,1.0,1.2,1.6,39.0,,,,70,,1784899536000,2026-07-24T14:25:36.000+01:00,5458.4060876274425,1784896547575,Default Profile,false
2026-07-24T13:25:42.000Z,32.65019225422293,-16.910683857277036,76.0,33.67347,305.2,2.56,19,gps,1.4,2.4,2.8,38.9,,,,70,,1784899542000,2026-07-24T14:25:42.000+01:00,5469.573954500118,1784896547575,Default Profile,false
2026-07-24T13:25:56.000Z,32.650268571451306,-16.910900864750147,76.0,32.142857,250.2,1.06,8,gps,1.2,1.6,2.0,38.9,,,,70,,1784899556000,2026-07-24T14:25:56.000+01:00,5491.5920712601755,1784896547575,Default Profile,false
2026-07-24T13:26:04.000Z,32.65037271659821,-16.910986863076687,77.0,36.22449,323.6,1.63,16,gps,0.8,1.2,1.6,38.9,,,,70,,1784899564000,2026-07-24T14:26:04.000+01:00,5505.696411312915,1784896547575,Default Profile,false
2026-07-24T13:26:10.000Z,32.65049647539854,-16.911070263013244,79.0,32.65306,331.4,2.57,16,gps,1.0,1.4,1.8,39.0,,,,70,,1784899570000,2026-07-24T14:26:10.000+01:00,5521.518638629503,1784896547575,Default Profile,false
2026-07-24T13:26:18.000Z,32.65061285812408,-16.911131534725428,80.0,30.102041,330.9,2.05,11,gps,1.6,2.4,3.0,38.9,,,,70,,1784899578000,2026-07-24T14:26:18.000+01:00,5535.674237643404,1784896547575,Default Profile,false
2026-07-24T13:26:25.000Z,32.65069328248501,-16.911175288259983,80.0,38.265305,331.0,2.44,10,gps,1.4,2.2,2.6,39.0,,,,70,,1784899585000,2026-07-24T14:26:25.000+01:00,5545.510571505372,1784896547575,Default Profile,false
2026-07-24T13:26:39.000Z,32.65087479259819,-16.91127528436482,80.0,39.285713,346.7,2.09,8,gps,3.2,6.8,7.4,39.0,,,,69,,1784899599000,2026-07-24T14:26:39.000+01:00,5567.759167551284,1784896547575,Default Profile,false
2026-07-24T13:26:45.000Z,32.65097198076546,-16.911368742585182,81.0,27.040817,325.3,2.3799999,8,gps,2.4,2.4,3.4,38.9,,,,69,,1784899605000,2026-07-24T14:26:45.000+01:00,5581.664113655721,1784896547575,Default Profile,false
2026-07-24T13:26:51.000Z,32.65103748533875,-16.91143705509603,81.0,17.857143,319.5,0.48999998,8,gps,1.6,1.6,2.4,38.9,,,,69,,1784899611000,2026-07-24T14:26:51.000+01:00,5591.357278049688,1784896547575,Default Profile,false
2026-07-24T13:26:59.000Z,32.65111832879484,-16.91146337427199,99.0,17.34694,3.5,1.23,15,gps,0.8,1.2,1.6,38.9,,,,69,,1784899619000,2026-07-24T14:26:59.000+01:00,5600.67825876706,1784896547575,Default Profile,false
2026-07-24T13:27:07.000Z,32.651257677935064,-16.911475025117397,101.0,14.285714,309.3,0.88,15,gps,0.8,1.4,1.8,39.0,,,,69,,1784899627000,2026-07-24T14:27:07.000+01:00,5616.2115224063555,1784896547575,Default Profile,false
2026-07-24T13:27:15.000Z,32.651315345428884,-16.911527160555124,105.0,13.77551,354.1,1.22,17,gps,,,,39.0,,,,69,,1784899635000,2026-07-24T14:27:15.000+01:00,5624.270231842555,1784896547575,Default Profile,false
2026-07-24T13:28:16.000Z,32.65111778397113,-16.911814576014876,77.0,26.530613,312.5,1.01,11,gps,1.4,3.6,4.0,39.0,,,,69,,1784899696000,2026-07-24T14:28:16.000+01:00,5659.007261226744,1784896547575,Default Profile,false
2026-07-24T13:28:59.000Z,32.651147833094,-16.911901328712702,83.0,25.510204,90.4,1.75,12,gps,1.0,2.0,2.2,39.0,,,,69,,1784899739000,2026-07-24T14:28:59.000+01:00,5667.789738996185,1784896547575,Default Profile,false
2026-07-24T13:32:38.000Z,32.651164177805185,-16.9117234647274,87.0,37.7551,57.9,0.76,10,gps,1.2,3.2,3.4,39.0,,,,69,,1784899958000,2026-07-24T14:32:38.000+01:00,5684.540768668992,1784896547575,Default Profile,false
