config_idx,label,n_full,k_full,per_full,gt_verdict,n_sprt,k_sprt,sprt_verdict,sprt_stop_n,pkts_saved,ci_lo_sprt,ci_hi_sprt,ci_lo_full,ci_hi_full,ci_overlap,match
0,SF5 BW125 PA10,50,0,0.0000,CLEAN,15,0,CLEAN,15,35,0.0,0.2039,0.0,0.0713,True,True
1,SF6 BW125 PA10,50,0,0.0000,CLEAN,15,0,CLEAN,15,35,0.0,0.2039,0.0,0.0713,True,True
2,SF7 BW125 PA10,50,0,0.0000,CLEAN,15,0,CLEAN,15,35,0.0,0.2039,0.0,0.0713,True,True
3,SF8 BW125 PA10,50,0,0.0000,CLEAN,15,0,CLEAN,15,35,0.0,0.2039,0.0,0.0713,True,True
4,SF9 BW125 PA10,50,0,0.0000,CLEAN,15,0,CLEAN,15,35,0.0,0.2039,0.0,0.0713,True,True
5,SF10 BW125 PA10,50,0,0.0000,CLEAN,15,0,CLEAN,15,35,0.0,0.2039,0.0,0.0713,True,True
6,SF11 BW125 PA10,50,0,0.0000,CLEAN,15,0,CLEAN,15,35,0.0,0.2039,0.0,0.0713,True,True
7,SF12 BW125 PA10,50,0,0.0000,CLEAN,15,0,CLEAN,15,35,0.0,0.2039,0.0,0.0713,True,True
8,SF5 BW250 PA10,50,0,0.0000,CLEAN,15,0,CLEAN,15,35,0.0,0.2039,0.0,0.0713,True,True
9,SF6 BW250 PA10,50,0,0.0000,CLEAN,15,0,CLEAN,15,35,0.0,0.2039,0.0,0.0713,True,True
10,SF7 BW250 PA10,50,0,0.0000,CLEAN,15,0,CLEAN,15,35,0.0,0.2039,0.0,0.0713,True,True
11,SF8 BW250 PA10,50,0,0.0000,CLEAN,15,0,CLEAN,15,35,0.0,0.2039,0.0,0.0713,True,True
12,SF9 BW250 PA10,50,0,0.0000,CLEAN,15,0,CLEAN,15,35,0.0,0.2039,0.0,0.0713,True,True
13,SF10 BW250 PA10,50,0,0.0000,CLEAN,15,0,CLEAN,15,35,0.0,0.2039,0.0,0.0713,True,True
14,SF11 BW250 PA10,50,0,0.0000,CLEAN,15,0,CLEAN,15,35,0.0,0.2039,0.0,0.0713,True,True
15,SF12 BW250 PA10,50,0,0.0000,CLEAN,15,0,CLEAN,15,35,0.0,0.2039,0.0,0.0713,True,True
16,SF5 BW500 PA10,50,0,0.0000,CLEAN,15,0,CLEAN,15,35,0.0,0.2039,0.0,0.0713,True,True
17,SF6 BW500 PA10,50,0,0.0000,CLEAN,15,0,CLEAN,15,35,0.0,0.2039,0.0,0.0713,True,True
18,SF7 BW500 PA10,50,0,0.0000,CLEAN,15,0,CLEAN,15,35,0.0,0.2039,0.0,0.0713,True,True
19,SF8 BW500 PA10,50,0,0.0000,CLEAN,15,0,CLEAN,15,35,0.0,0.2039,0.0,0.0713,True,True
20,SF9 BW500 PA10,50,0,0.0000,CLEAN,15,0,CLEAN,15,35,0.0,0.2039,0.0,0.0713,True,True
21,SF10 BW500 PA10,50,0,0.0000,CLEAN,15,0,CLEAN,15,35,0.0,0.2039,0.0,0.0713,True,True
22,SF11 BW500 PA10,50,0,0.0000,CLEAN,15,0,CLEAN,15,35,0.0,0.2039,0.0,0.0713,True,True
23,SF12 BW500 PA10,50,0,0.0000,CLEAN,15,0,CLEAN,15,35,0.0,0.2039,0.0,0.0713,True,True
24,SF8 BW125 PA0,50,0,0.0000,CLEAN,15,0,CLEAN,15,35,0.0,0.2039,0.0,0.0713,True,True
25,SF8 BW125 PA3,50,0,0.0000,CLEAN,15,0,CLEAN,15,35,0.0,0.2039,0.0,0.0713,True,True
26,SF8 BW125 PA6,50,0,0.0000,CLEAN,15,0,CLEAN,15,35,0.0,0.2039,0.0,0.0713,True,True
27,SF8 BW125 PA10 L16,50,0,0.0000,CLEAN,15,0,CLEAN,15,35,0.0,0.2039,0.0,0.0713,True,True
28,SF8 BW125 PA10 L128,50,0,0.0000,CLEAN,15,0,CLEAN,15,35,0.0,0.2039,0.0,0.0713,True,True
29,SF8 BW125 PA10 L255,50,0,0.0000,CLEAN,15,0,CLEAN,15,35,0.0,0.2039,0.0,0.0713,True,True
31,FLRC 260k pa5,50,0,0.0000,CLEAN,15,0,CLEAN,15,35,0.0,0.2039,0.0,0.0713,True,True
32,FLRC 325k pa5,50,0,0.0000,CLEAN,15,0,CLEAN,15,35,0.0,0.2039,0.0,0.0713,True,True
33,FLRC 520k pa5,50,0,0.0000,CLEAN,15,0,CLEAN,15,35,0.0,0.2039,0.0,0.0713,True,True
34,FLRC 650k pa5,50,0,0.0000,CLEAN,15,0,CLEAN,15,35,0.0,0.2039,0.0,0.0713,True,True
35,FLRC 1040k pa5,50,0,0.0000,CLEAN,15,0,CLEAN,15,35,0.0,0.2039,0.0,0.0713,True,True
36,FLRC 1300k pa5,50,0,0.0000,CLEAN,15,0,CLEAN,15,35,0.0,0.2039,0.0,0.0713,True,True
37,FLRC 2080k pa5,50,0,0.0000,CLEAN,15,0,CLEAN,15,35,0.0,0.2039,0.0,0.0713,True,True
38,FLRC 2600k pa5,50,0,0.0000,CLEAN,15,0,CLEAN,15,35,0.0,0.2039,0.0,0.0713,True,True
39,FLRC 650k pa0,50,0,0.0000,CLEAN,15,0,CLEAN,15,35,0.0,0.2039,0.0,0.0713,True,True
40,FLRC 650k pa1,50,0,0.0000,CLEAN,15,0,CLEAN,15,35,0.0,0.2039,0.0,0.0713,True,True
41,FLRC 650k pa3,50,0,0.0000,CLEAN,15,0,CLEAN,15,35,0.0,0.2039,0.0,0.0713,True,True
42,FLRC 650k pa7,50,0,0.0000,CLEAN,15,0,CLEAN,15,35,0.0,0.2039,0.0,0.0713,True,True
43,FLRC 650k pa10,50,0,0.0000,CLEAN,15,0,CLEAN,15,35,0.0,0.2039,0.0,0.0713,True,True
44,SF8 BW125 @ 863.000MHz,50,0,0.0000,CLEAN,15,0,CLEAN,15,35,0.0,0.2039,0.0,0.0713,True,True
45,SF8 BW125 @ 865.000MHz,50,0,0.0000,CLEAN,15,0,CLEAN,15,35,0.0,0.2039,0.0,0.0713,True,True
46,SF8 BW125 @ 869.525MHz,50,0,0.0000,CLEAN,15,0,CLEAN,15,35,0.0,0.2039,0.0,0.0713,True,True
47,SF8 BW125 @ 870.000MHz,50,0,0.0000,CLEAN,15,0,CLEAN,15,35,0.0,0.2039,0.0,0.0713,True,True
48,FLRC 650k pa5 L16,50,0,0.0000,CLEAN,15,0,CLEAN,15,35,0.0,0.2039,0.0,0.0713,True,True
49,FLRC 650k pa5 L64,50,0,0.0000,CLEAN,15,0,CLEAN,15,35,0.0,0.2039,0.0,0.0713,True,True
50,FLRC 650k pa5 L128,50,0,0.0000,CLEAN,15,0,CLEAN,15,35,0.0,0.2039,0.0,0.0713,True,True
51,FLRC 650k pa5 L192,50,0,0.0000,CLEAN,15,0,CLEAN,15,35,0.0,0.2039,0.0,0.0713,True,True
52,FLRC 650k pa5 L255,50,0,0.0000,CLEAN,15,0,CLEAN,15,35,0.0,0.2039,0.0,0.0713,True,True
53,FLRC 650k pa5 L256,50,0,0.0000,CLEAN,15,0,CLEAN,15,35,0.0,0.2039,0.0,0.0713,True,True
54,FLRC 650k pa5 L300,50,0,0.0000,CLEAN,15,0,CLEAN,15,35,0.0,0.2039,0.0,0.0713,True,True
55,FLRC 650k pa5 L384,50,0,0.0000,CLEAN,15,0,CLEAN,15,35,0.0,0.2039,0.0,0.0713,True,True
56,FLRC 650k pa5 L448,50,0,0.0000,CLEAN,15,0,CLEAN,15,35,0.0,0.2039,0.0,0.0713,True,True
57,FLRC 650k pa5 L511,50,0,0.0000,CLEAN,15,0,CLEAN,15,35,0.0,0.2039,0.0,0.0713,True,True
58,FLRC 1300k pa5 L384,50,0,0.0000,CLEAN,15,0,CLEAN,15,35,0.0,0.2039,0.0,0.0713,True,True
59,FLRC 1300k pa5 L511,50,0,0.0000,CLEAN,15,0,CLEAN,15,35,0.0,0.2039,0.0,0.0713,True,True
60,FLRC 2600k pa5 L511,50,0,0.0000,CLEAN,15,0,CLEAN,15,35,0.0,0.2039,0.0,0.0713,True,True
61,2G4 SF5 BW125 PA10,50,0,0.0000,CLEAN,15,0,CLEAN,15,35,0.0,0.2039,0.0,0.0713,True,True
62,2G4 SF6 BW125 PA10,49,0,0.0000,CLEAN,15,0,CLEAN,15,34,0.0,0.2039,0.0,0.0727,True,True
63,2G4 SF7 BW125 PA10,50,0,0.0000,CLEAN,15,0,CLEAN,15,35,0.0,0.2039,0.0,0.0713,True,True
64,2G4 SF8 BW125 PA10,50,0,0.0000,CLEAN,15,0,CLEAN,15,35,0.0,0.2039,0.0,0.0713,True,True
65,2G4 SF9 BW125 PA10,50,0,0.0000,CLEAN,15,0,CLEAN,15,35,0.0,0.2039,0.0,0.0713,True,True
66,2G4 SF10 BW125 PA10,50,0,0.0000,CLEAN,15,0,CLEAN,15,35,0.0,0.2039,0.0,0.0713,True,True
67,2G4 SF11 BW125 PA10,50,0,0.0000,CLEAN,15,0,CLEAN,15,35,0.0,0.2039,0.0,0.0713,True,True
68,2G4 SF12 BW125 PA10,50,2,0.0400,EDGE,20,1,EDGE,20,30,0.0089,0.2361,0.011,0.1346,True,True
69,2G4 SF5 BW250 PA10,50,0,0.0000,CLEAN,15,0,CLEAN,15,35,0.0,0.2039,0.0,0.0713,True,True
70,2G4 SF6 BW250 PA10,50,0,0.0000,CLEAN,15,0,CLEAN,15,35,0.0,0.2039,0.0,0.0713,True,True
71,2G4 SF7 BW250 PA10,48,0,0.0000,CLEAN,15,0,CLEAN,15,33,0.0,0.2039,0.0,0.0741,True,True
72,2G4 SF8 BW250 PA10,50,0,0.0000,CLEAN,15,0,CLEAN,15,35,0.0,0.2039,0.0,0.0713,True,True
73,2G4 SF9 BW250 PA10,49,0,0.0000,CLEAN,15,0,CLEAN,15,34,0.0,0.2039,0.0,0.0727,True,True
74,2G4 SF10 BW250 PA10,49,1,0.0204,EDGE,15,0,CLEAN,15,34,0.0,0.2039,0.0036,0.1069,True,True
75,2G4 SF11 BW250 PA10,50,0,0.0000,CLEAN,15,0,CLEAN,15,35,0.0,0.2039,0.0,0.0713,True,True
76,2G4 SF12 BW250 PA10,50,0,0.0000,CLEAN,15,0,CLEAN,15,35,0.0,0.2039,0.0,0.0713,True,True
77,2G4 SF5 BW500 PA10,50,0,0.0000,CLEAN,15,0,CLEAN,15,35,0.0,0.2039,0.0,0.0713,True,True
78,2G4 SF6 BW500 PA10,50,0,0.0000,CLEAN,15,0,CLEAN,15,35,0.0,0.2039,0.0,0.0713,True,True
79,2G4 SF7 BW500 PA10,50,0,0.0000,CLEAN,15,0,CLEAN,15,35,0.0,0.2039,0.0,0.0713,True,True
80,2G4 SF8 BW500 PA10,50,0,0.0000,CLEAN,15,0,CLEAN,15,35,0.0,0.2039,0.0,0.0713,True,True
81,2G4 SF9 BW500 PA10,50,0,0.0000,CLEAN,15,0,CLEAN,15,35,0.0,0.2039,0.0,0.0713,True,True
82,2G4 SF10 BW500 PA10,50,0,0.0000,CLEAN,15,0,CLEAN,15,35,0.0,0.2039,0.0,0.0713,True,True
83,2G4 SF11 BW500 PA10,50,0,0.0000,CLEAN,15,0,CLEAN,15,35,0.0,0.2039,0.0,0.0713,True,True
84,2G4 SF12 BW500 PA10,50,0,0.0000,CLEAN,15,0,CLEAN,15,35,0.0,0.2039,0.0,0.0713,True,True
85,2G4 SF8 BW125 PA0,48,0,0.0000,CLEAN,15,0,CLEAN,15,33,0.0,0.2039,0.0,0.0741,True,True
86,2G4 SF8 BW125 PA3,50,0,0.0000,CLEAN,15,0,CLEAN,15,35,0.0,0.2039,0.0,0.0713,True,True
87,2G4 SF8 BW125 PA6,50,0,0.0000,CLEAN,15,0,CLEAN,15,35,0.0,0.2039,0.0,0.0713,True,True
88,2G4 SF8 BW125 PA10,49,0,0.0000,CLEAN,15,0,CLEAN,15,34,0.0,0.2039,0.0,0.0727,True,True
89,2G4 SF8 BW125 PA10 L16,49,0,0.0000,CLEAN,15,0,CLEAN,15,34,0.0,0.2039,0.0,0.0727,True,True
90,2G4 SF8 BW125 PA10 L64,50,0,0.0000,CLEAN,15,0,CLEAN,15,35,0.0,0.2039,0.0,0.0713,True,True
91,2G4 SF8 BW125 PA10 L128,49,0,0.0000,CLEAN,15,0,CLEAN,15,34,0.0,0.2039,0.0,0.0727,True,True
92,2G4 SF8 BW125 PA10 L255,50,0,0.0000,CLEAN,15,0,CLEAN,15,35,0.0,0.2039,0.0,0.0713,True,True
94,2G4 FLRC 260k pa5,50,0,0.0000,CLEAN,15,0,CLEAN,15,35,0.0,0.2039,0.0,0.0713,True,True
95,2G4 FLRC 325k pa5,50,0,0.0000,CLEAN,15,0,CLEAN,15,35,0.0,0.2039,0.0,0.0713,True,True
96,2G4 FLRC 520k pa5,50,0,0.0000,CLEAN,15,0,CLEAN,15,35,0.0,0.2039,0.0,0.0713,True,True
97,2G4 FLRC 650k pa5,50,0,0.0000,CLEAN,15,0,CLEAN,15,35,0.0,0.2039,0.0,0.0713,True,True
98,2G4 FLRC 1040k pa5,50,0,0.0000,CLEAN,15,0,CLEAN,15,35,0.0,0.2039,0.0,0.0713,True,True
99,2G4 FLRC 1300k pa5,51,0,0.0000,CLEAN,15,0,CLEAN,15,36,0.0,0.2039,0.0,0.07,True,True
100,2G4 FLRC 2080k pa5,50,0,0.0000,CLEAN,15,0,CLEAN,15,35,0.0,0.2039,0.0,0.0713,True,True
101,2G4 FLRC 2600k pa5,50,0,0.0000,CLEAN,15,0,CLEAN,15,35,0.0,0.2039,0.0,0.0713,True,True
102,2G4 FLRC 650k pa0,50,0,0.0000,CLEAN,15,0,CLEAN,15,35,0.0,0.2039,0.0,0.0713,True,True
103,2G4 FLRC 650k pa1,50,0,0.0000,CLEAN,15,0,CLEAN,15,35,0.0,0.2039,0.0,0.0713,True,True
104,2G4 FLRC 650k pa3,50,0,0.0000,CLEAN,15,0,CLEAN,15,35,0.0,0.2039,0.0,0.0713,True,True
105,2G4 FLRC 650k pa5,50,0,0.0000,CLEAN,15,0,CLEAN,15,35,0.0,0.2039,0.0,0.0713,True,True
106,2G4 FLRC 650k pa7,50,0,0.0000,CLEAN,15,0,CLEAN,15,35,0.0,0.2039,0.0,0.0713,True,True
107,2G4 FLRC 650k pa10,50,0,0.0000,CLEAN,15,0,CLEAN,15,35,0.0,0.2039,0.0,0.0713,True,True
108,2G4 SF8 BW125 @ 2400MHz,50,0,0.0000,CLEAN,15,0,CLEAN,15,35,0.0,0.2039,0.0,0.0713,True,True
109,2G4 SF8 BW125 @ 2420MHz,49,0,0.0000,CLEAN,15,0,CLEAN,15,34,0.0,0.2039,0.0,0.0727,True,True
110,2G4 SF8 BW125 @ 2440MHz,50,0,0.0000,CLEAN,15,0,CLEAN,15,35,0.0,0.2039,0.0,0.0713,True,True
111,2G4 SF8 BW125 @ 2460MHz,47,0,0.0000,CLEAN,15,0,CLEAN,15,32,0.0,0.2039,0.0,0.0756,True,True
112,2G4 SF8 BW125 @ 2480MHz,49,0,0.0000,CLEAN,15,0,CLEAN,15,34,0.0,0.2039,0.0,0.0727,True,True
